LOAD_ZONE,timepoints,zone_demand_mw
Caribe,384,2877.074462307692
Antioquia,384,1308.4670569230768
Surocciden,384,2170.735089230769
Oriental,384,2580.2203284615384
Nordeste,384,1152.8390284615384
Surocciden,383,2295.6792846153844
Oriental,383,2728.7338684615383
Nordeste,383,1219.19468
Caribe,383,3042.674473846154
Antioquia,383,1383.7804215384615
Nordeste,382,1272.32144
Caribe,382,3175.259886923077
Antioquia,382,1444.07905
Oriental,382,2847.6392315384614
Surocciden,382,2395.7141684615385
Nordeste,381,1296.7779007692309
Oriental,381,2902.376324615385
Surocciden,381,2441.764396153846
Caribe,381,3236.2944776923077
Antioquia,381,1471.8370223076925
Surocciden,380,2450.8197284615385
Oriental,380,2913.139846923077
Nordeste,380,1301.5870276923076
Caribe,380,3248.296342307692
Antioquia,380,1477.2953615384615
Antioquia,379,1417.5876415384616
Caribe,379,3117.0102323076926
Surocciden,379,2351.7651592307693
Nordeste,379,1248.9808976923077
Oriental,379,2795.399727692308
Nordeste,378,1265.5332807692307
Caribe,378,3158.319066923077
Antioquia,378,1436.3745215384615
Oriental,378,2832.4463507692303
Surocciden,378,2382.932423846154
Nordeste,377,1286.1837061538463
Surocciden,377,2421.8160861538463
Oriental,377,2878.664985384615
Caribe,377,3209.855154615385
Antioquia,377,1459.8126592307692
Nordeste,376,1288.6786361538461
Surocciden,376,2426.513905384615
Caribe,376,3216.0816061538458
Antioquia,376,1462.6443946153847
Oriental,376,2884.2490015384615
Antioquia,375,1442.3063023076925
Oriental,375,2844.143473076923
Caribe,375,3171.361943076923
Surocciden,375,2392.773193846154
Nordeste,375,1270.7595392307692
Oriental,374,2825.537869230769
Nordeste,374,1262.4465792307694
Caribe,374,3150.6157646153847
Antioquia,374,1432.8711292307694
Surocciden,374,2377.1203299999997
Antioquia,373,1438.2729199999999
Surocciden,373,2386.0818515384617
Oriental,373,2836.1898830769233
Nordeste,373,1267.2058853846154
Caribe,373,3162.493293846154
Caribe,372,3085.217976153846
Surocciden,372,2327.7780969230766
Nordeste,372,1236.2417907692309
Oriental,372,2766.8877684615386
Antioquia,372,1403.1288153846153
Antioquia,371,1356.3645176923078
Caribe,371,2982.3920253846154
Nordeste,371,1195.0396015384615
Oriental,371,2674.6713138461537
Surocciden,371,2250.1965446153845
Antioquia,370,1312.7144876923076
Surocciden,370,2177.7815392307693
Oriental,370,2588.596013076923
Nordeste,370,1156.5812707692307
Caribe,370,2886.413767692308
Oriental,369,2449.4074138461538
Caribe,369,2731.211533846154
Nordeste,369,1094.3919892307692
Antioquia,369,1242.1299338461538
Surocciden,369,2060.682399230769
Surocciden,368,1946.7457484615384
Caribe,368,2580.2008323076925
Nordeste,368,1033.8822484615384
Oriental,368,2313.977869230769
Antioquia,368,1173.4516546153848
Caribe,367,2519.6351784615385
Surocciden,367,1901.0493346153849
Oriental,367,2259.6613315384616
Antioquia,367,1145.90695
Nordeste,367,1009.6136923076922
Caribe,366,2421.934201538462
Nordeste,366,970.4650707692308
Antioquia,366,1101.473443076923
Surocciden,366,1827.3345446153846
Oriental,366,2172.0410584615383
Caribe,365,2381.692532307692
Nordeste,365,954.3402984615385
Surocciden,365,1796.9724515384614
Antioquia,365,1083.1719023076923
Oriental,365,2135.9514915384616
Surocciden,364,1821.008356923077
Oriental,364,2164.5215046153844
Nordeste,364,967.1053430769231
Caribe,364,2413.549523846154
Antioquia,364,1097.660169230769
Nordeste,363,993.5919823076923
Caribe,363,2479.6507130769232
Oriental,363,2223.802430769231
Surocciden,363,1870.8813007692308
Antioquia,363,1127.7223823076924
Caribe,362,2569.8145684615383
Nordeste,362,1029.7204915384614
Oriental,362,2304.6632546153846
Surocciden,362,1938.9093784615386
Antioquia,362,1168.728076923077
Nordeste,361,1086.9667869230768
Caribe,361,2712.6808753846153
Antioquia,361,1233.7023615384614
Oriental,361,2432.788734615385
Surocciden,361,2046.7011330769228
Antioquia,360,1268.379622051282
Caribe,360,2788.9296887179485
Nordeste,360,1117.519561025641
Oriental,360,2501.170258717949
Surocciden,360,2104.2303956410256
Nordeste,359,1185.9841397435898
Caribe,359,2959.7928258974357
Antioquia,359,1346.0866085897437
Oriental,359,2654.403880769231
Surocciden,359,2233.145587948718
Surocciden,358,2324.8152397435897
Caribe,358,3081.291029615385
Nordeste,358,1234.6682714102565
Oriental,358,2763.366001794872
Antioquia,358,1401.3428767948717
Caribe,357,3145.047012820513
Antioquia,357,1430.3385124358974
Nordeste,357,1260.21518974359
Surocciden,357,2372.9187385897435
Oriental,357,2820.54369525641
Oriental,356,2817.370563076923
Nordeste,356,1258.7974384615386
Surocciden,356,2370.2491873076924
Antioquia,356,1428.729371025641
Caribe,356,3141.5088114102564
Surocciden,355,2245.510059230769
Caribe,355,2976.180593974359
Antioquia,355,1353.5396148717948
Nordeste,355,1192.5506917948717
Oriental,355,2669.100773076923
Surocciden,354,2259.5935375641025
Nordeste,354,1200.0301788461538
Caribe,354,2994.8467208974357
Antioquia,354,1362.028798974359
Oriental,354,2685.840945
Caribe,353,3030.7867251282055
Nordeste,353,1214.4312792307692
Antioquia,353,1378.3739825641026
Surocciden,353,2286.710051282051
Oriental,353,2718.0726891025643
Surocciden,352,2293.2044460256407
Oriental,352,2725.7921801282055
Caribe,352,3039.3943435897436
Antioquia,352,1382.288648205128
Nordeste,352,1217.8803380769232
Oriental,351,2706.140767820513
Caribe,351,3017.482037051282
Antioquia,351,1372.323132820513
Nordeste,351,1209.1001130769232
Surocciden,351,2276.6717453846154
Surocciden,350,2265.701062948718
Antioquia,350,1365.710267948718
Caribe,350,3002.9415855128204
Nordeste,350,1203.2737775641024
Oriental,350,2693.100587435897
Oriental,349,2697.3715721794874
Caribe,349,3007.703946538462
Antioquia,349,1367.876145897436
Surocciden,349,2269.2942356410254
Nordeste,349,1205.1820476923078
Surocciden,348,2211.7921826923075
Caribe,348,2931.4911987179485
Oriental,348,2629.0223914102567
Nordeste,348,1174.6437246153846
Antioquia,348,1333.2152887179489
Antioquia,347,1286.5700374358976
Nordeste,347,1133.546423076923
Caribe,347,2828.9270114102565
Surocciden,347,2134.408130769231
Oriental,347,2537.0406912820513
Nordeste,346,1093.3615203846155
Antioquia,346,1240.9603571794873
Caribe,346,2728.6398505128204
Oriental,346,2447.1010757692306
Surocciden,346,2058.7420816666668
Surocciden,345,1949.2821732051282
Oriental,345,2316.9927632051285
Nordeste,345,1035.2292998717949
Caribe,345,2583.562586794872
Antioquia,345,1174.9805493589743
Antioquia,344,1109.1016093589742
Surocciden,344,1839.9896024358973
Oriental,344,2187.083353974359
Nordeste,344,977.185947051282
Caribe,344,2438.7071114102564
Caribe,343,2399.516848589744
Antioquia,343,1091.2782367948719
Surocciden,343,1810.4207884615385
Nordeste,343,961.4824735897436
Oriental,343,2151.936708717949
Oriental,342,2094.4408485897434
Antioquia,342,1062.1212537179488
Caribe,342,2335.4060934615386
Surocciden,342,1762.0496165384616
Nordeste,342,935.7933988461539
Nordeste,341,925.0173073076922
Antioquia,341,1049.8904396153846
Oriental,341,2070.322399871795
Surocciden,341,1741.7588056410257
Caribe,341,2308.5128194871795
Oriental,340,2101.1451515384615
Nordeste,340,938.7888723076924
Antioquia,340,1065.521103076923
Surocciden,340,1767.6899355128205
Caribe,340,2342.8817253846155
Antioquia,339,1093.0423032051283
Caribe,339,2403.3956992307694
Nordeste,339,963.0367225641024
Oriental,339,2155.415343205128
Surocciden,339,1813.347358076923
Antioquia,338,1131.809461153846
Caribe,338,2488.637433974359
Surocciden,338,1877.6617255128206
Oriental,338,2231.861907179487
Nordeste,338,997.192946153846
Antioquia,337,1193.792068974359
Caribe,337,2624.9256033333336
Surocciden,337,1980.4903158974357
Oriental,337,2354.087977564103
Nordeste,337,1051.8033920512821
Surocciden,336,2080.8503976923075
Nordeste,336,1105.1028576923077
Caribe,336,2757.9420284615385
Antioquia,336,1254.2867192307692
Oriental,336,2473.37988
Surocciden,335,2207.2474415384613
Oriental,335,2623.620336153846
Nordeste,335,1172.2300923076923
Caribe,335,2925.4676361538463
Antioquia,335,1330.4758276923078
Antioquia,334,1387.6062046153845
Surocciden,334,2302.0262238461537
Oriental,334,2736.2780915384615
Nordeste,334,1222.5654284615384
Caribe,334,3051.0866561538464
Nordeste,333,1244.7236923076923
Antioquia,333,1412.7557330769232
Caribe,333,3106.3857646153847
Surocciden,333,2343.7490646153847
Oriental,333,2785.8714838461538
Surocciden,332,2287.697853076923
Caribe,332,3032.095950769231
Nordeste,332,1214.9558846153845
Antioquia,332,1378.9694061538462
Oriental,332,2719.2468292307694
Surocciden,331,2215.9094392307693
Nordeste,331,1176.8303269230769
Oriental,331,2633.9163246153844
Caribe,331,2936.9481776923076
Antioquia,331,1335.6970715384616
Caribe,330,3037.084096923077
Nordeste,330,1216.9546276923077
Antioquia,330,1381.2379692307693
Oriental,330,2723.7203023076922
Surocciden,330,2291.461379230769
Nordeste,329,1238.483643076923
Caribe,329,3090.812834615385
Antioquia,329,1405.6733053846156
Oriental,329,2771.9053530769233
Surocciden,329,2331.999383076923
Oriental,328,2783.9438446153845
Antioquia,328,1411.7781984615385
Nordeste,328,1243.8624246153845
Caribe,328,3104.2363523076924
Surocciden,328,2342.1273438461535
Caribe,327,3055.1565446153845
Antioquia,327,1389.4571507692308
Surocciden,327,2305.096929230769
Nordeste,327,1224.1962276923077
Oriental,327,2739.928050769231
Antioquia,326,1378.1030892307692
Surocciden,326,2286.2606423076923
Nordeste,326,1214.192606153846
Caribe,326,3030.1910823076923
Oriental,326,2717.538503076923
Surocciden,325,2299.5973107692307
Oriental,325,2733.390988461538
Nordeste,325,1221.275476153846
Antioquia,325,1386.142113846154
Caribe,325,3047.8673915384616
Caribe,324,2973.426213846154
Surocciden,324,2243.431896153846
Oriental,324,2666.6305869230773
Nordeste,324,1191.447016153846
Antioquia,324,1352.2869484615383
Oriental,323,2573.3306969230766
Caribe,323,2869.3921761538463
Antioquia,323,1304.9732230769232
Nordeste,323,1149.7607484615385
Surocciden,323,2164.9388515384617
Antioquia,322,1263.069196153846
Oriental,322,2490.6984115384616
Nordeste,322,1112.8407538461538
Caribe,322,2777.2530546153844
Surocciden,322,2095.4204476923073
Surocciden,321,1981.4150692307692
Antioquia,321,1194.3494892307692
Caribe,321,2626.1512653846153
Nordeste,321,1052.294513846154
Oriental,321,2355.1871776923076
Surocciden,320,1863.6008438461538
Oriental,320,2215.148596153846
Nordeste,320,989.7254584615384
Caribe,320,2470.001256153846
Antioquia,320,1123.3338984615386
Antioquia,319,1094.14835
Caribe,319,2405.827687692308
Surocciden,319,1815.1822792307694
Oriental,319,2157.5964015384616
Nordeste,319,964.0112161538461
Oriental,318,2069.0427561538463
Caribe,318,2307.085953076923
Nordeste,318,924.4455661538461
Antioquia,318,1049.2415138461538
Surocciden,318,1740.682243076923
Caribe,317,2265.332506153846
Surocciden,317,1709.1795223076924
Oriental,317,2031.5973946153847
Nordeste,317,907.715026923077
Antioquia,317,1030.25243
Antioquia,316,1042.3588715384615
Surocciden,316,1729.2640000000001
Oriental,316,2055.4705892307693
Nordeste,316,918.3815384615384
Caribe,316,2291.9523084615385
Caribe,315,2357.3692153846155
Surocciden,315,1778.6206576923078
Antioquia,315,1072.1098815384614
Oriental,315,2114.1378353846153
Nordeste,315,944.5939853846155
Antioquia,314,1109.7948253846155
Caribe,314,2440.2313623076925
Oriental,314,2188.4503353846153
Surocciden,314,1841.139640769231
Nordeste,314,977.7967115384615
Nordeste,313,1041.184213076923
Antioquia,313,1181.7393492307692
Caribe,313,2598.423923846154
Oriental,313,2330.3207184615385
Surocciden,313,1960.49496
Surocciden,312,2018.5220578481012
Antioquia,312,1216.7166915189873
Caribe,312,2675.3325615189874
Nordeste,312,1072.0013781012658
Oriental,312,2399.2939879746837
Surocciden,311,2145.900448227848
Caribe,311,2844.1588339240507
Nordeste,311,1139.649788607595
Oriental,311,2550.700907341772
Antioquia,311,1293.497330506329
Nordeste,310,1187.4134765822785
Oriental,310,2657.602943164557
Surocciden,310,2235.8369534177214
Antioquia,310,1347.7088996202533
Caribe,310,2963.3599398734177
Surocciden,309,2275.996414050633
Oriental,309,2705.338042911392
Nordeste,309,1208.7414562025317
Caribe,309,3016.5869593670886
Antioquia,309,1371.916059113924
Nordeste,308,1171.2137681012657
Caribe,308,2922.9312537974683
Surocciden,308,2205.3337564556964
Oriental,308,2621.345654936709
Antioquia,308,1329.3223037974683
Antioquia,307,1271.116984050633
Caribe,307,2794.9486355696204
Surocciden,307,2108.7716543037977
Oriental,307,2506.56817556962
Nordeste,307,1119.9313429113924
Antioquia,306,1301.2516055696203
Surocciden,306,2158.7647201265822
Caribe,306,2861.209035443038
Oriental,306,2565.9918829113926
Nordeste,306,1146.4817772151898
Antioquia,305,1319.1626186075948
Caribe,305,2900.5920060759495
Surocciden,305,2188.4789313924052
Oriental,305,2601.3113524050636
Nordeste,305,1162.2624693670887
Caribe,304,2910.1563488607594
Antioquia,304,1323.5123944303798
Nordeste,304,1166.0948844303798
Oriental,304,2609.888853544304
Surocciden,304,2195.6951697468353
Antioquia,303,1314.34591
Caribe,303,2890.000963544304
Surocciden,303,2180.4880543037975
Oriental,303,2591.8130841772154
Nordeste,303,1158.0186551898732
Oriental,302,2581.0490507594936
Nordeste,302,1153.2092992405062
Caribe,302,2877.998529620253
Antioquia,302,1308.8873137974683
Surocciden,302,2171.4322915189873
Caribe,301,2885.5146343037977
Antioquia,301,1312.3055694936709
Nordeste,301,1156.220990379747
Surocciden,301,2177.1031462025317
Oriental,301,2587.7896506329116
Caribe,300,2809.7590070886076
Oriental,300,2519.8504248101267
Nordeste,300,1125.8658341772152
Antioquia,300,1277.8526048101266
Surocciden,300,2119.9459886075947
Oriental,299,2430.741338987342
Nordeste,299,1086.052013164557
Caribe,299,2710.3979279746836
Antioquia,299,1232.6640984810126
Surocciden,299,2044.9786621518986
Oriental,298,2343.9192479746835
Nordeste,298,1047.2600174683544
Caribe,298,2613.5869621518987
Surocciden,298,1971.9353802531646
Antioquia,298,1188.6353592405062
Oriental,297,2215.51990443038
Nordeste,297,989.8913610126583
Caribe,297,2470.415285316456
Antioquia,297,1123.5221953164557
Surocciden,297,1863.9132259493672
Caribe,296,2329.9558292405063
Nordeste,296,933.6094863291139
Oriental,296,2089.5529381012657
Antioquia,296,1059.6425244303798
Surocciden,296,1757.9374258227847
Surocciden,295,1731.7254417721517
Caribe,295,2295.214681772152
Oriental,295,2058.3963525316453
Antioquia,295,1043.842569113924
Nordeste,295,919.6887656962026
Surocciden,294,1685.7619078481014
Oriental,294,2003.7623048101266
Nordeste,294,895.2783455696202
Antioquia,294,1016.1368526582278
Caribe,294,2234.29499
Antioquia,293,1005.1908546835443
Caribe,293,2210.2267872151897
Nordeste,293,885.6342553164557
Surocciden,293,1667.6025959493672
Oriental,293,1982.1774382278481
Surocciden,292,1692.139437721519
Oriental,292,2011.3428856962025
Nordeste,292,898.6653389873418
Caribe,292,2242.7477164556963
Antioquia,292,1019.9810750632911
Surocciden,291,1737.6094244303797
Nordeste,291,922.8136449367089
Oriental,291,2065.390283164557
Antioquia,291,1047.3892918987342
Caribe,291,2303.013263291139
Antioquia,290,1085.6742878481014
Caribe,290,2387.194813164557
Nordeste,290,956.5450537974684
Oriental,290,2140.8860510126583
Surocciden,290,1801.1238886075948
Nordeste,289,1006.770983670886
Caribe,289,2512.5407937974683
Antioquia,289,1142.680490379747
Oriental,289,2253.298938101266
Surocciden,289,1895.6966650632912
Nordeste,288,1062.4307446153846
Caribe,288,2651.447682307692
Antioquia,288,1205.8540676923078
Oriental,288,2377.8735307692305
Surocciden,288,2000.5010615384615
Antioquia,287,1279.8868261538462
Surocciden,287,2123.3207453846157
Oriental,287,2523.86179
Nordeste,287,1127.6581061538461
Caribe,287,2814.231880769231
Nordeste,286,1178.2978215384614
Oriental,286,2637.2007861538464
Caribe,286,2940.610516923077
Antioquia,286,1337.3626707692308
Surocciden,286,2218.6726530769233
Caribe,285,3006.171512307692
Antioquia,285,1367.1792084615383
Oriental,285,2695.997251538461
Surocciden,285,2268.1380215384615
Nordeste,285,1204.568003076923
Antioquia,284,1343.3844084615384
Nordeste,284,1183.6033376923076
Surocciden,284,2228.6626623076922
Caribe,284,2953.851193076923
Oriental,284,2649.0752984615388
Nordeste,283,1134.7341530769231
Antioquia,283,1287.9181069230767
Caribe,283,2831.8911638461536
Oriental,283,2539.6990046153846
Surocciden,283,2136.644566153846
Surocciden,282,2203.0724284615385
Caribe,282,2919.934106923077
Oriental,282,2618.657752307692
Nordeste,282,1170.012816923077
Antioquia,282,1327.9592284615387
Surocciden,281,2240.4687123076924
Oriental,281,2663.108429230769
Nordeste,281,1189.87332
Antioquia,281,1350.5008123076923
Caribe,281,2969.4988330769233
Nordeste,280,1189.868286923077
Surocciden,280,2240.4592330769233
Antioquia,280,1350.4950992307693
Caribe,280,2969.4862738461534
Oriental,280,2663.0971653846154
Antioquia,279,1328.6130092307694
Surocciden,279,2204.1570438461536
Oriental,279,2619.9469676923077
Caribe,279,2921.371644615385
Nordeste,279,1170.588836923077
Surocciden,278,2188.567076923077
Oriental,278,2601.416123076923
Nordeste,278,1162.30928
Antioquia,278,1319.2157515384615
Caribe,278,2900.7088315384613
Oriental,277,2628.401920769231
Antioquia,277,1332.90064
Caribe,277,2930.799342307692
Surocciden,277,2211.2701815384617
Nordeste,277,1174.3664999999999
Caribe,276,2857.6923199999997
Nordeste,276,1145.0726346153847
Oriental,276,2562.8380215384614
Surocciden,276,2156.111380769231
Antioquia,276,1299.6522346153847
Oriental,275,2474.6777453846153
Surocciden,275,2081.9422884615387
Nordeste,275,1105.6827407692308
Caribe,275,2759.3892123076926
Antioquia,275,1254.9448838461537
Surocciden,274,2018.1728423076925
Nordeste,274,1071.8159161538463
Caribe,274,2674.8697130769233
Antioquia,274,1216.5061915384615
Oriental,274,2398.8788953846156
Nordeste,273,1017.803486153846
Antioquia,273,1155.20233
Oriental,273,2277.991275384615
Surocciden,273,1916.4702853846154
Caribe,273,2540.0739815384613
Surocciden,272,1814.8155938461537
Oriental,272,2157.1605430769227
Nordeste,272,963.8164746153847
Caribe,272,2405.3416853846156
Antioquia,272,1093.9273192307692
Surocciden,271,1780.5841630769232
Oriental,271,2116.471734615385
Nordeste,271,945.63677
Caribe,271,2359.9716307692306
Antioquia,271,1073.2934361538462
Surocciden,270,1688.348916153846
Nordeste,270,896.652256923077
Oriental,270,2006.83732
Antioquia,270,1017.6962392307693
Caribe,270,2237.7237876923077
Antioquia,269,993.4064707692307
Surocciden,269,1648.0524076923077
Oriental,269,1958.9393230769228
Caribe,269,2184.3151292307693
Nordeste,269,875.2514953846154
Surocciden,268,1666.7509453846153
Nordeste,268,885.1819592307693
Caribe,268,2209.098017692308
Oriental,268,1981.1651353846153
Antioquia,268,1004.6775023076923
Oriental,267,2031.2094953846156
Surocciden,267,1708.8531823076921
Antioquia,267,1030.05572
Caribe,267,2264.899977692308
Nordeste,267,907.5417130769231
Caribe,266,2339.6164361538463
Antioquia,266,1064.03608
Nordeste,266,937.4804753846154
Oriental,266,2098.2167707692306
Surocciden,266,1765.2262938461538
Caribe,265,2495.7257823076925
Oriental,265,2238.2188853846155
Nordeste,265,1000.0332353846153
Surocciden,265,1883.0098407692308
Antioquia,265,1135.033176923077
Oriental,264,2318.617856962025
Nordeste,264,1035.9553893670886
Caribe,264,2585.374647721519
Antioquia,264,1175.8046581012657
Surocciden,264,1950.6493618987342
Antioquia,263,1255.44003721519
Caribe,263,2760.4779624050634
Surocciden,263,2082.763741392405
Nordeste,263,1106.1190001265823
Oriental,263,2475.6541570886075
Nordeste,262,1157.5388089873418
Surocciden,262,2179.584529113924
Oriental,262,2590.7391187341773
Caribe,262,2888.8034375949364
Antioquia,262,1313.8012873417722
Caribe,261,2952.4137092405063
Nordeste,261,1183.0273402531645
Surocciden,261,2227.578089620253
Antioquia,261,1342.730653670886
Oriental,261,2647.786135316456
Surocciden,260,2177.9053510126582
Oriental,260,2588.743181772152
Nordeste,260,1156.647026835443
Caribe,260,2886.577868987342
Antioquia,260,1312.789118607595
Nordeste,259,1096.1002624050632
Oriental,259,2453.2307748101266
Surocciden,259,2063.8989872151897
Antioquia,259,1244.0688168354432
Caribe,259,2735.474770886076
Caribe,258,2794.874411392405
Surocciden,258,2108.7156521518987
Antioquia,258,1271.0832270886076
Oriental,258,2506.50161
Nordeste,258,1119.9016011392405
Oriental,257,2544.3568544303794
Antioquia,257,1290.28017
Caribe,257,2837.0848994936705
Surocciden,257,2140.563207594937
Nordeste,257,1136.8152744303798
Surocciden,256,2144.6737093670886
Caribe,256,2842.532924556962
Nordeste,256,1138.9982902531644
Antioquia,256,1292.7578816455696
Oriental,256,2549.242757848101
Caribe,255,2822.3389521518984
Surocciden,255,2129.4374811392404
Oriental,255,2531.13238278481
Nordeste,255,1130.9065984810127
Antioquia,255,1283.5738487341773
Oriental,254,2521.1027993670887
Caribe,254,2811.155466708861
Nordeste,254,1126.4253937974684
Surocciden,254,2120.999609620253
Antioquia,254,1278.4877024050631
Oriental,253,2532.4199870886077
Antioquia,253,1284.2268116455696
Nordeste,253,1131.4818981012659
Caribe,253,2823.7746951898735
Surocciden,253,2130.520740379747
Nordeste,252,1102.013886329114
Caribe,252,2750.2330635443036
Antioquia,252,1250.780752278481
Oriental,252,2466.466318101266
Surocciden,252,2075.0340284810127
Caribe,251,2654.225194683544
Antioquia,251,1207.1172549367088
Surocciden,251,2002.596679113924
Nordeste,251,1063.5436911392405
Oriental,251,2380.364462278481
Nordeste,250,1025.840696835443
Antioquia,250,1164.3245283544304
Surocciden,250,1931.6039298734177
Oriental,250,2295.979714050633
Caribe,250,2560.13198835443
Nordeste,249,969.5971732911391
Surocciden,249,1825.7003407594937
Antioquia,249,1100.4883839240506
Caribe,249,2419.768240506329
Oriental,249,2170.0985803797466
Antioquia,248,1040.826201898734
Surocciden,248,1726.7213159493672
Oriental,248,2052.4482539240507
Nordeste,248,917.0311630379747
Caribe,248,2288.582255063291
Caribe,247,2256.6592597468357
Surocciden,247,1702.6356116455697
Oriental,247,2023.8190464556963
Nordeste,247,904.2396712658228
Antioquia,247,1026.3079172151897
Surocciden,246,1639.3849843037974
Antioquia,246,988.181955443038
Caribe,246,2172.8273969620254
Oriental,246,1948.6368856962024
Nordeste,246,870.648381392405
Surocciden,245,1614.6750198734178
Oriental,245,1919.265659620253
Nordeste,245,857.5253569620254
Caribe,245,2140.0770132911393
Antioquia,245,973.2873811392406
Nordeste,244,869.110966835443
Oriental,244,1945.195929113924
Caribe,244,2168.9905587341773
Antioquia,244,986.4369960759493
Surocciden,244,1636.4901126582279
Oriental,243,1996.6000591139239
Nordeste,243,892.0782635443038
Caribe,243,2226.3087296202534
Antioquia,243,1012.5047744303797
Surocciden,243,1679.736323544304
Caribe,242,2306.217062405063
Antioquia,242,1048.8463502531645
Nordeste,242,924.097401392405
Surocciden,242,1740.0266707594938
Oriental,242,2068.263516835443
Antioquia,241,1103.747528227848
Caribe,241,2426.934489240506
Surocciden,241,1831.1072315189872
Nordeste,241,972.4686768354429
Oriental,241,2176.5254211392403
Nordeste,240,1028.29145375
Surocciden,240,1936.21858125
Caribe,240,2566.24820625
Oriental,240,2301.464865
Antioquia,240,1167.10612875
Antioquia,239,1234.556845
Nordeste,239,1087.71963625
Surocciden,239,2048.11871
Oriental,239,2434.47372125
Caribe,239,2714.5597225
Antioquia,238,1294.8631925
Caribe,238,2847.16211
Nordeste,238,1140.8531975
Oriental,238,2553.3943074999997
Surocciden,238,2148.1664
Nordeste,237,1173.34434125
Surocciden,237,2209.34551125
Oriental,237,2626.1141825
Caribe,237,2928.24840125
Antioquia,237,1331.7404925
Surocciden,236,2165.6092275
Antioquia,236,1305.37731
Caribe,236,2870.28069125
Nordeste,236,1150.11677375
Oriental,236,2574.1275324999997
Surocciden,235,2033.81824
Antioquia,235,1225.9368625
Caribe,235,2695.6059975
Nordeste,235,1080.12491125
Oriental,235,2417.47562875
Caribe,234,2714.7008075
Nordeste,234,1087.77617125
Oriental,234,2434.60025125
Antioquia,234,1234.62100875
Surocciden,234,2048.2251575
Surocciden,233,2081.9655125
Oriental,233,2474.7053525
Nordeste,233,1105.6950762499998
Caribe,233,2759.4199975
Antioquia,233,1254.958885
Antioquia,232,1264.51592125
Caribe,232,2780.43413
Nordeste,232,1114.11540625
Oriental,232,2493.5512675
Surocciden,232,2097.8205500000004
Oriental,231,2532.04394875
Surocciden,231,2130.20438125
Nordeste,231,1131.313885
Caribe,231,2823.3553975
Antioquia,231,1284.03611875
Oriental,230,2561.59979
Antioquia,230,1299.02431125
Surocciden,230,2155.06965875
Nordeste,230,1144.5193937499998
Caribe,230,2856.3116312499997
Surocciden,229,2160.2676125
Antioquia,229,1302.15751125
Caribe,229,2863.20095375
Nordeste,229,1147.27993375
Oriental,229,2567.77827625
Oriental,228,2508.22006625
Surocciden,228,2110.16138625
Antioquia,228,1271.9546825
Caribe,228,2796.79057625
Nordeste,228,1120.66940625
Oriental,227,2422.53605625
Nordeste,227,1082.3859025
Caribe,227,2701.2486275
Antioquia,227,1228.50308
Surocciden,227,2038.0755725
Nordeste,226,1038.1253112499999
Antioquia,226,1178.26751
Caribe,226,2590.78999875
Oriental,226,2323.47445625
Surocciden,226,1954.73520875
Surocciden,225,1832.05651
Oriental,225,2177.65377125
Nordeste,225,972.9728225
Caribe,225,2428.1926562500003
Antioquia,225,1104.31973
Surocciden,224,1742.70383375
Nordeste,224,925.51919375
Oriental,224,2071.44569625
Caribe,224,2309.76535125
Antioquia,224,1050.46008
Surocciden,223,1729.8341337499999
Oriental,223,2056.14827
Nordeste,223,918.684325
Caribe,223,2292.707955
Antioquia,223,1042.70253375
Antioquia,222,1021.6203612500001
Caribe,222,2246.35220375
Oriental,222,2014.5754662499999
Surocciden,222,1694.859
Nordeste,222,900.10965
Surocciden,221,1686.762945
Oriental,221,2004.9521750000001
Nordeste,221,895.80997875
Caribe,221,2235.62175625
Antioquia,221,1016.74025375
Nordeste,220,907.3738400000001
Surocciden,220,1708.537085
Oriental,220,2030.833765
Antioquia,220,1029.8651825
Caribe,220,2264.48102125
Surocciden,219,1761.8955425
Oriental,219,2094.25771125
Nordeste,219,935.7115737500001
Caribe,219,2335.2018875
Antioquia,219,1062.0283825
Antioquia,218,1094.9094975
Caribe,218,2407.50131
Surocciden,218,1816.4450175
Oriental,218,2159.09733875
Nordeste,218,964.68183375
Caribe,217,2429.4981175
Surocciden,217,1833.0414725
Oriental,217,2178.824535
Nordeste,217,973.49591875
Antioquia,217,1104.91344375
Oriental,216,2372.495616470588
Caribe,216,2645.451038627451
Surocciden,216,1995.976633137255
Nordeste,216,1060.0279009803921
Antioquia,216,1203.1268498039217
Antioquia,215,1280.0511023529411
Surocciden,215,2123.5932770588233
Caribe,215,2814.593092745098
Nordeste,215,1127.8028447058823
Oriental,215,2524.185734117647
Caribe,214,2933.0070778431373
Nordeste,214,1175.251134509804
Oriental,214,2630.3818635294115
Antioquia,214,1333.9046960784315
Surocciden,214,2212.935905490196
Antioquia,213,1363.6061643137255
Surocciden,213,2262.21037372549
Oriental,213,2688.951417254902
Nordeste,213,1201.419934117647
Caribe,213,2998.3150539215685
Antioquia,212,1333.4724088235293
Nordeste,212,1174.8702635294117
Oriental,212,2629.529418627451
Surocciden,212,2212.218745294118
Caribe,212,2932.0565601960784
Oriental,211,2503.145868627451
Nordeste,211,1118.4022607843137
Caribe,211,2791.1325915686275
Antioquia,211,1269.3814821568626
Surocciden,211,2105.8924723529412
Nordeste,210,1145.9109111764708
Oriental,210,2564.7142039215687
Surocciden,210,2157.6898107843135
Caribe,210,2859.7843596078433
Antioquia,210,1300.6036762745098
Surocciden,209,2190.8860476470586
Oriental,209,2604.1725439215684
Nordeste,209,1163.5408452941176
Caribe,209,2903.7823778431375
Antioquia,209,1320.6135703921568
Nordeste,208,1165.3334660784315
Caribe,208,2908.2561170588237
Oriental,208,2608.184686862745
Surocciden,208,2194.2614570588235
Antioquia,208,1322.6481864705881
Surocciden,207,2167.248671372549
Nordeste,207,1150.9874523529413
Caribe,207,2872.4535929411763
Antioquia,207,1306.365527254902
Oriental,207,2576.0762366666663
Antioquia,206,1298.5391631372547
Caribe,206,2855.244882745098
Nordeste,206,1144.0919507843137
Surocciden,206,2154.2648043137256
Oriental,206,2560.64310627451
Surocciden,205,2158.601058039216
Antioquia,205,1301.1529535294117
Nordeste,205,1146.394858627451
Caribe,205,2860.992118431373
Oriental,205,2565.7973470588236
Nordeste,204,1115.0041366666667
Oriental,204,2495.540376078431
Surocciden,204,2099.4939843137254
Caribe,204,2782.652088235294
Antioquia,204,1265.5246270588236
Surocciden,203,2027.6867192156863
Antioquia,203,1222.2409298039215
Caribe,203,2687.479328823529
Nordeste,203,1076.8685672549018
Oriental,203,2410.1874615686274
Surocciden,202,1957.1939468627452
Oriental,202,2326.397005882353
Nordeste,202,1039.431103137255
Antioquia,202,1179.7495772549019
Caribe,202,2594.0487864705883
Surocciden,201,1847.1903780392156
Caribe,201,2448.2509596078435
Oriental,201,2195.642476666667
Antioquia,201,1113.44206372549
Nordeste,201,981.0101517647059
Caribe,200,2330.3930647058824
Antioquia,200,1059.8413749019608
Surocciden,200,1758.2673170588234
Oriental,200,2089.945060392157
Nordeste,200,933.7846860784313
Caribe,199,2293.2567888235294
Antioquia,199,1042.9521364705884
Nordeste,199,918.9042411764706
Oriental,199,2056.6404739215686
Surocciden,199,1730.2482245098038
Surocciden,198,1657.7926484313725
Antioquia,198,999.2776539215686
Caribe,198,2197.22476372549
Oriental,198,1970.516952745098
Nordeste,198,880.4243664705882
Nordeste,197,868.109757254902
Oriental,197,1942.9550784313726
Surocciden,197,1634.6048892156864
Caribe,197,2166.4918988235295
Antioquia,197,985.3006282352941
Surocciden,196,1658.1755888235293
Nordeste,196,880.6277392156862
Antioquia,196,999.5084819607844
Oriental,196,1970.9721307843138
Caribe,196,2197.7323103921567
Caribe,195,2252.8367060784312
Nordeste,195,902.7079799999999
Surocciden,195,1699.7515188235295
Oriental,195,2020.3909015686274
Antioquia,195,1024.5694545098038
Antioquia,194,1060.2689239215686
Surocciden,194,1758.9766180392157
Oriental,194,2090.7881621568627
Nordeste,194,934.161382745098
Caribe,194,2331.3331656862747
Antioquia,193,1128.7365678431372
Surocciden,193,1872.5638243137255
Caribe,193,2481.880716862745
Nordeste,193,994.4855409803921
Oriental,193,2225.8023435294117
Nordeste,192,1017.2295076923076
Surocciden,192,1915.389513076923
Oriental,192,2276.706629230769
Caribe,192,2538.641535384615
Antioquia,192,1154.5508676923077
Surocciden,191,2003.5927107692307
Oriental,191,2381.5483846153847
Nordeste,191,1064.0726661538463
Caribe,191,2655.5453276923076
Antioquia,191,1207.7176376923076
Caribe,190,2730.9082276923077
Antioquia,190,1241.9919946153846
Nordeste,190,1094.2704569230768
Oriental,190,2449.1354038461536
Surocciden,190,2060.4535576923076
Nordeste,189,1107.747836153846
Antioquia,189,1257.2887561538462
Caribe,189,2764.5429507692306
Surocciden,189,2085.8307515384613
Oriental,189,2479.299723846154
Surocciden,188,2055.9189515384614
Caribe,188,2724.8980946153847
Nordeste,188,1091.8622053846154
Antioquia,188,1239.25864
Oriental,188,2443.7453915384617
Nordeste,187,1007.3858692307692
Surocciden,187,1896.8544638461537
Oriental,187,2254.6751423076926
Antioquia,187,1143.3783846153847
Caribe,187,2514.075329230769
Caribe,186,2467.758513846154
Oriental,186,2213.137256923077
Surocciden,186,1861.9087076923076
Antioquia,186,1122.31392
Nordeste,186,988.8267976923077
Oriental,185,2228.7774669230766
Surocciden,185,1875.0667923076924
Antioquia,185,1130.2452953846155
Caribe,185,2485.1981299999998
Nordeste,185,995.8148215384615
Antioquia,184,1138.2620861538462
Surocciden,184,1888.3665715384616
Oriental,184,2244.5861061538462
Nordeste,184,1002.8781
Caribe,184,2502.82555
Oriental,183,2270.2870115384617
Nordeste,183,1014.3612307692308
Surocciden,183,1909.9887038461538
Antioquia,183,1151.2953884615383
Caribe,183,2531.483343846154
Surocciden,182,1910.0671015384617
Nordeste,182,1014.40287
Caribe,182,2531.5872530769234
Antioquia,182,1151.3426438461538
Oriental,182,2270.3802023076923
Antioquia,181,1135.1022076923077
Caribe,181,2495.877565384615
Nordeste,181,1000.0940538461539
Oriental,181,2238.355006923077
Surocciden,181,1883.1243592307692
Surocciden,180,1827.0985815384615
Caribe,180,2421.621458461538
Oriental,180,2171.7605846153847
Nordeste,180,970.339753076923
Antioquia,180,1101.3312107692307
Oriental,179,2090.3273384615386
Caribe,179,2330.8193246153846
Antioquia,179,1060.0352323076922
Surocciden,179,1758.588926923077
Nordeste,179,933.9554869230768
Caribe,178,2229.9002746153847
Antioquia,178,1014.1381746153846
Nordeste,178,893.5173900000001
Oriental,178,1999.82103
Surocciden,178,1682.4461215384615
Caribe,177,2119.222127692308
Antioquia,177,963.80277
Nordeste,177,849.1688361538461
Oriental,177,1900.5625623076924
Surocciden,177,1598.9401369230768
Surocciden,176,1536.3611353846152
Oriental,176,1826.1787230769232
Nordeste,176,815.9342369230769
Caribe,176,2036.2804338461538
Antioquia,176,926.0816492307692
Oriental,175,1865.4311353846153
Caribe,175,2080.0488323076925
Antioquia,175,945.9871153846154
Surocciden,175,1569.3841246153847
Nordeste,175,833.4721607692308
Oriental,174,1894.2971430769232
Nordeste,174,846.3694546153846
Caribe,174,2112.2358707692306
Surocciden,174,1593.6690492307691
Antioquia,174,960.6254853846154
Surocciden,173,1613.446793846154
Oriental,173,1917.8057423076923
Nordeste,173,856.873066923077
Caribe,173,2138.4491315384616
Antioquia,173,972.5470361538462
Antioquia,172,1000.497553076923
Oriental,172,1972.9225253846153
Caribe,172,2199.907096153846
Nordeste,172,881.4991723076923
Surocciden,172,1659.8164523076923
Surocciden,171,1712.809506923077
Oriental,171,2035.912136153846
Nordeste,171,909.6428476923077
Caribe,171,2270.143656923077
Antioquia,171,1032.4404969230768
Nordeste,170,943.2088092307692
Antioquia,170,1070.53771
Surocciden,170,1776.0124415384614
Oriental,170,2111.037606923077
Caribe,170,2353.912307692308
Nordeste,169,963.322046923077
Antioquia,169,1093.366143076923
Caribe,169,2404.107766153846
Oriental,169,2156.053939230769
Surocciden,169,1813.8846076923076
Antioquia,168,1250.7374430769232
Oriental,168,2466.3809147435895
Surocciden,168,2074.9621788461536
Caribe,168,2750.137833461539
Nordeste,168,1101.9757283333333
Nordeste,167,1171.3761611538462
Oriental,167,2621.709113076923
Surocciden,167,2205.639533974359
Caribe,167,2923.3365270512822
Antioquia,167,1329.5066182051282
Caribe,166,3050.1894162820513
Antioquia,166,1387.1981479487179
Nordeste,166,1222.205905897436
Oriental,166,2735.4734267948716
Surocciden,166,2301.349262179487
Surocciden,165,2351.2736493589746
Oriental,165,2794.8154984615385
Nordeste,165,1248.719865
Caribe,165,3116.358788974359
Antioquia,165,1417.291371153846
Surocciden,164,2355.132416666667
Antioquia,164,1419.6173444871795
Oriental,164,2799.40218
Nordeste,164,1250.769188974359
Caribe,164,3121.4731678205126
Caribe,163,2974.8537553846154
Oriental,163,2667.910836282051
Nordeste,163,1192.019030128205
Surocciden,163,2244.5089675641025
Antioquia,163,1352.9361808974359
Oriental,162,2697.0810105128203
Nordeste,162,1205.052225
Caribe,162,3007.379956025641
Antioquia,162,1367.7287985897435
Surocciden,162,2269.0497851282053
Oriental,161,2733.246007820513
Caribe,161,3047.705734102564
Nordeste,161,1221.2106983333335
Surocciden,161,2299.4753393589745
Antioquia,161,1386.0685924358975
Surocciden,160,2304.3241132051285
Antioquia,160,1388.9913162820512
Caribe,160,3054.1322575641025
Nordeste,160,1223.7857961538461
Oriental,160,2739.0094492307694
Nordeste,159,1210.4479203846154
Caribe,159,3020.845683846154
Antioquia,159,1373.8528882051282
Surocciden,159,2279.209595769231
Oriental,159,2709.157355641026
Nordeste,158,1203.4392056410256
Surocciden,158,2266.0125543589743
Antioquia,158,1365.898027948718
Oriental,158,2693.470838717949
Caribe,158,3003.354434230769
Surocciden,157,2275.4416135897436
Oriental,157,2704.6785857692307
Nordeste,157,1208.4468117948718
Caribe,157,3015.851631153846
Antioquia,157,1371.581638846154
Antioquia,156,1337.8720708974358
Oriental,156,2638.205293461538
Caribe,156,2941.730593333333
Surocciden,156,2219.5177438461537
Nordeste,156,1178.746633205128
Caribe,155,2840.6488982051283
Antioquia,155,1291.9010442307692
Oriental,155,2547.5531239743586
Surocciden,155,2143.252223076923
Nordeste,155,1138.2433635897435
Surocciden,154,2070.7628675641026
Antioquia,154,1248.2061988461537
Caribe,154,2744.572101923077
Nordeste,154,1099.7455475641025
Oriental,154,2461.3894507692307
Oriental,153,2329.091351666667
Nordeste,153,1040.6349333333333
Caribe,153,2597.0531173076924
Antioquia,153,1181.1159194871793
Surocciden,153,1959.4606961538461
Antioquia,152,1112.3296455128204
Nordeste,152,980.0300434615384
Caribe,152,2445.8049593589744
Oriental,152,2193.4488516666665
Surocciden,152,1845.3448858974357
Antioquia,151,1087.2507507692308
Oriental,151,2143.9947439743587
Nordeste,151,957.9340129487181
Surocciden,151,1803.739226282051
Caribe,151,2390.661160128205
Surocciden,150,1740.8014766666665
Oriental,150,2069.1844814102565
Nordeste,150,924.5088874358975
Caribe,150,2307.2439824358976
Antioquia,150,1049.313384230769
Surocciden,149,1712.8924092307693
Antioquia,149,1032.4904680769232
Oriental,149,2036.0106753846153
Caribe,149,2270.2535344871794
Nordeste,149,909.6868743589743
Antioquia,148,1045.3518292307692
Surocciden,148,1734.229291025641
Caribe,148,2298.533263846154
Nordeste,148,921.0185162820512
Oriental,148,2061.372525897436
Caribe,147,2356.274585897436
Antioquia,147,1071.6120523076922
Surocciden,147,1777.7947662820511
Nordeste,147,944.1553696153848
Oriental,147,2113.156147692308
Antioquia,146,1109.5357607692308
Caribe,146,2439.661730384615
Nordeste,146,977.5684617948718
Oriental,146,2187.939476025641
Surocciden,146,1840.7098573076923
Surocciden,145,1951.6734439743589
Oriental,145,2319.835119871795
Caribe,145,2586.7319574358976
Antioquia,145,1176.4219497435897
Nordeste,145,1036.4992607692307
Antioquia,144,1107.744213846154
Nordeste,144,975.9899999999999
Caribe,144,2435.7224546153843
Surocciden,144,1837.7376984615387
Oriental,144,2184.4066515384616
Nordeste,143,1021.8617892307692
Oriental,143,2287.0743415384613
Surocciden,143,1924.1118553846156
Caribe,143,2550.2020561538466
Antioquia,143,1159.8084861538462
Antioquia,142,1191.266853076923
Surocciden,142,1976.3010038461541
Oriental,142,2349.108398461539
Nordeste,142,1049.5785230769231
Caribe,142,2619.373123076923
Nordeste,141,1059.8349215384615
Antioquia,141,1202.9078184615385
Caribe,141,2644.969431538462
Surocciden,141,1995.6132615384615
Oriental,141,2372.0637023076924
Surocciden,140,1909.9635676923076
Antioquia,140,1151.2802369230772
Oriental,140,2270.257136923077
Nordeste,140,1014.3478823076923
Caribe,140,2531.4500292307694
Caribe,139,2358.6050384615382
Antioquia,139,1072.6719207692308
Nordeste,139,945.0891776923078
Surocciden,139,1779.5530784615382
Oriental,139,2115.2461453846154
Nordeste,138,944.05328
Antioquia,138,1071.4961838461538
Surocciden,138,1777.602539230769
Caribe,138,2356.019808461538
Oriental,138,2112.9276584615386
Antioquia,137,1080.5185776923076
Caribe,137,2375.8583692307693
Surocciden,137,1792.5706107692308
Oriental,137,2130.7192907692306
Nordeste,137,952.0025584615385
Antioquia,136,1092.4994076923076
Surocciden,136,1812.4467007692306
Nordeste,136,962.5583984615384
Oriental,136,2154.344786923077
Caribe,136,2402.2019746153846
Surocciden,135,1834.8641684615384
Oriental,135,2180.991062307692
Nordeste,135,974.4639192307693
Caribe,135,2431.9139015384617
Antioquia,135,1106.0121192307693
Antioquia,134,1104.9506184615384
Oriental,134,2178.897843076923
Nordeste,134,973.5286699999999
Caribe,134,2429.5798584615386
Surocciden,134,1833.1031453846153
Oriental,133,2145.9146984615386
Antioquia,133,1088.2243876923078
Surocciden,133,1805.3544823076923
Nordeste,133,958.791846923077
Caribe,133,2392.8020053846153
Antioquia,132,1059.6771953846155
Caribe,132,2330.032063846154
Nordeste,132,933.640033076923
Oriental,132,2089.6213076923077
Surocciden,132,1757.9949461538463
Surocciden,131,1701.4503576923078
Oriental,131,2022.4102092307692
Nordeste,131,903.6102046153846
Caribe,131,2255.088333846154
Antioquia,131,1025.5934723076923
Nordeste,130,867.0326992307693
Antioquia,130,984.0781730769231
Caribe,130,2163.803946153846
Oriental,130,1940.544466923077
Surocciden,130,1632.576843846154
Surocciden,129,1552.3876684615386
Oriental,129,1845.2284869230768
Caribe,129,2057.5218684615384
Antioquia,129,935.74206
Nordeste,129,824.4456446153846
Antioquia,128,897.4677969230769
Caribe,128,1973.3639192307694
Nordeste,128,790.7236930769232
Oriental,128,1769.7538846153848
Surocciden,128,1488.8910099999998
Caribe,127,2021.1391476923077
Antioquia,127,919.1955315384615
Nordeste,127,809.8671476923076
Surocciden,127,1524.9371284615384
Oriental,127,1812.5997007692308
Surocciden,126,1550.104666923077
Oriental,126,1842.5148215384615
Antioquia,126,934.36592
Caribe,126,2054.4959984615384
Nordeste,126,823.2331838461539
Surocciden,125,1571.1157853846153
Oriental,125,1867.489456153846
Caribe,125,2082.3439615384614
Antioquia,125,947.0309199999999
Nordeste,125,834.3918161538461
Surocciden,124,1609.2265092307691
Oriental,124,1912.789346923077
Nordeste,124,854.6317484615385
Caribe,124,2132.855602307692
Antioquia,124,970.00315
Nordeste,123,881.4928553846154
Surocciden,123,1659.804556153846
Oriental,123,1972.9083846153846
Antioquia,123,1000.4903838461539
Caribe,123,2199.8913307692305
Caribe,122,2283.2765453846155
Nordeste,122,914.9051738461538
Oriental,122,2047.6899846153844
Surocciden,122,1722.7181915384617
Antioquia,122,1038.413213846154
Antioquia,121,1050.3391576923077
Nordeste,121,925.4126546153846
Oriental,121,2071.2072438461537
Surocciden,121,1742.5032238461538
Caribe,121,2309.4994646153846
Oriental,120,2365.109480379747
Antioquia,120,1199.3812329113925
Surocciden,120,1989.762688101266
Nordeste,120,1056.7277853164555
Caribe,120,2637.215128734177
Oriental,119,2519.214828227848
Nordeste,119,1125.5818497468354
Caribe,119,2809.0502843037975
Antioquia,119,1277.5302848101267
Surocciden,119,2119.411261898734
Surocciden,118,2213.282411012658
Oriental,118,2630.793734936709
Nordeste,118,1175.4351583544305
Caribe,118,2933.4663354430377
Antioquia,118,1334.1135621518988
Nordeste,117,1197.994266329114
Surocciden,117,2255.7600226582276
Caribe,117,2989.765811265823
Oriental,117,2681.2842789873416
Antioquia,117,1359.71804721519
Antioquia,116,1321.4627250632911
Surocciden,116,2192.2947863291142
Oriental,116,2605.8470262025317
Nordeste,116,1164.2890015189873
Caribe,116,2905.649509113924
Surocciden,115,2108.5359188607595
Oriental,115,2506.28797113924
Antioquia,115,1270.9748882278482
Caribe,115,2794.636192658228
Nordeste,115,1119.8061479746834
Caribe,114,2875.3902148101265
Oriental,114,2578.7098608860756
Nordeste,114,1152.1641521518986
Antioquia,114,1307.7010755696203
Surocciden,114,2169.4643339240506
Surocciden,113,2202.326496329114
Oriental,113,2617.7711088607593
Caribe,113,2918.9454563291138
Antioquia,113,1327.5096
Nordeste,113,1169.616666329114
Caribe,112,2926.0407973417723
Surocciden,112,2207.6798887341774
Antioquia,112,1330.736495822785
Oriental,112,2624.1343583544303
Nordeste,112,1172.4597581012658
Caribe,111,2893.7419693670886
Surocciden,111,2183.310620632911
Oriental,111,2595.16809556962
Nordeste,111,1159.5176703797467
Antioquia,111,1316.047285443038
Surocciden,110,2171.799044556962
Nordeste,110,1153.40407556962
Caribe,110,2878.484621012658
Antioquia,110,1309.108383544304
Oriental,110,2581.4849887341775
Antioquia,109,1316.4638425316455
Surocciden,109,2184.001684810127
Oriental,109,2595.9895226582275
Nordeste,109,1159.8846821518987
Caribe,109,2894.657900506329
Nordeste,108,1129.787047721519
Caribe,108,2819.5449551898732
Oriental,108,2528.626667341772
Surocciden,108,2127.3294265822788
Antioquia,108,1282.3031639240505
Surocciden,107,2051.3100543037976
Antioquia,107,1236.4805097468354
Caribe,107,2718.7895025316457
Nordeste,107,1089.4145032911392
Oriental,107,2438.2670783544304
Caribe,106,2625.0992360759496
Nordeste,106,1051.8729665822784
Oriental,106,2354.243696329114
Surocciden,106,1980.6213213924052
Antioquia,106,1193.8710364556962
Nordeste,105,993.5101263291139
Oriental,105,2223.6192251898733
Surocciden,105,1870.727170379747
Caribe,105,2479.4464311392408
Antioquia,105,1127.62947721519
Oriental,104,2091.3679408860758
Surocciden,104,1759.4643844303798
Caribe,104,2331.9796483544305
Antioquia,104,1060.5629379746836
Nordeste,104,934.4204277215189
Antioquia,103,1036.9849241772151
Surocciden,103,1720.3486716455698
Caribe,103,2280.1360031645568
Nordeste,103,913.646764556962
Oriental,103,2044.8734801265823
Surocciden,102,1659.6799607594937
Nordeste,102,881.4266837974684
Oriental,102,1972.7602856962026
Caribe,102,2199.7261920253163
Antioquia,102,1000.415280379747
Antioquia,101,984.6702115189873
Oriental,101,1941.7119318987343
Caribe,101,2165.105728227848
Nordeste,101,867.5543206329115
Surocciden,101,1633.5590327848101
Surocciden,100,1654.3186025316454
Oriental,100,1966.3875662025316
Nordeste,100,878.5793613924051
Caribe,100,2192.6202920253168
Antioquia,100,997.1835820253165
Surocciden,99,1698.026668227848
Nordeste,99,901.7919435443039
Oriental,99,2018.3406772151898
Antioquia,99,1023.5297567088606
Caribe,99,2250.550604050633
Antioquia,98,1060.479889493671
Nordeste,98,934.3472560759493
Oriental,98,2091.204172405063
Surocciden,98,1759.3266063291137
Caribe,98,2331.7970379746835
Caribe,97,2474.4504839240503
Antioquia,97,1125.3573663291138
Surocciden,97,1866.9577588607594
Nordeste,97,991.5082584810126
Oriental,97,2219.1387551898733
Antioquia,96,1075.8060476923076
Nordeste,96,947.8505338461539
Caribe,96,2365.496396923077
Oriental,96,2121.42646
Surocciden,96,1784.7525661538461
Surocciden,95,1874.5183361538461
Oriental,95,2228.1255538461537
Nordeste,95,995.5235484615384
Caribe,95,2484.471213076923
Antioquia,95,1129.9147023076923
Surocciden,94,1937.2675776923077
Nordeste,94,1028.8485584615385
Antioquia,94,1167.7384392307692
Caribe,94,2567.63854
Oriental,94,2302.7117453846154
Surocciden,93,1961.6988576923077
Oriental,93,2331.7517184615385
Nordeste,93,1041.8235807692306
Caribe,93,2600.0195576923074
Antioquia,93,1182.4650299999998
Caribe,92,2514.2997015384617
Oriental,92,2254.876363076923
Surocciden,92,1897.02375
Nordeste,92,1007.4757738461539
Antioquia,92,1143.4804253846155
Oriental,91,2083.002211538462
Nordeste,91,930.6826315384616
Caribe,91,2322.6514423076924
Surocciden,91,1752.42631
Antioquia,91,1056.3205561538462
Nordeste,90,928.8895376923076
Antioquia,90,1054.2854023076923
Caribe,90,2318.176523076923
Surocciden,90,1749.0500107692305
Oriental,90,2078.9890100000002
Caribe,89,2337.972053076923
Antioquia,89,1063.2882292307693
Surocciden,89,1763.985616923077
Oriental,89,2096.742053846154
Nordeste,89,936.8215746153845
Surocciden,88,1782.3964523076925
Oriental,88,2118.6258900000003
Caribe,88,2362.373623076923
Nordeste,88,946.5992438461539
Antioquia,88,1074.38584
Surocciden,87,1806.2071153846155
Oriental,87,2146.928173076923
Nordeste,87,959.2446646153846
Caribe,87,2393.9320807692307
Antioquia,87,1088.7383361538461
Antioquia,86,1089.4285507692307
Surocciden,86,1807.352176923077
Caribe,86,2395.449734615385
Nordeste,86,959.8527861538462
Oriental,86,2148.2892369230767
Nordeste,85,948.0561161538462
Surocciden,85,1785.1396692307692
Oriental,85,2121.886583846154
Caribe,85,2366.009459230769
Antioquia,85,1076.039383076923
Antioquia,84,1045.5338569230769
Nordeste,84,921.178893076923
Oriental,84,2061.7314723076925
Surocciden,84,1734.5312707692308
Caribe,84,2298.9335053846153
Surocciden,83,1672.9601638461538
Antioquia,83,1008.4202661538462
Caribe,83,2217.327660769231
Nordeste,83,888.479563076923
Oriental,83,1988.54565
Antioquia,82,963.1161
Surocciden,82,1597.800956153846
Oriental,82,1899.2084876923075
Nordeste,82,848.5638407692308
Caribe,82,2117.7122676923077
Caribe,81,2009.8757946153846
Nordeste,81,805.3539423076923
Oriental,81,1802.498493846154
Surocciden,81,1516.4389961538461
Antioquia,81,914.0730623076923
Oriental,80,1727.9645107692306
Surocciden,80,1453.7336815384615
Caribe,80,1926.766683846154
Nordeste,80,772.0522569230769
Antioquia,80,876.2758007692307
Caribe,79,1968.7881553846153
Antioquia,79,895.3867792307693
Surocciden,79,1485.4386238461536
Nordeste,79,788.8901900000001
Oriental,79,1765.6502423076925
Surocciden,78,1507.8747123076923
Antioquia,78,908.9107161538461
Oriental,78,1792.3186507692308
Caribe,78,1998.524763076923
Nordeste,78,800.8056023076923
Oriental,77,1812.8731007692309
Nordeste,77,809.9893007692307
Caribe,77,2021.4439984615383
Antioquia,77,919.3341746153845
Surocciden,77,1525.167136923077
Oriental,76,1855.3997853846156
Nordeste,76,828.9901669230769
Caribe,76,2068.863375384615
Antioquia,76,940.9000715384616
Surocciden,76,1560.944766153846
Surocciden,75,1611.360566923077
Oriental,75,1915.3259715384615
Nordeste,75,855.7651084615385
Antioquia,75,971.2895084615385
Caribe,75,2135.6840646153846
Caribe,74,2222.7554407692305
Nordeste,74,890.6544646153847
Oriental,74,1993.4133961538462
Surocciden,74,1677.0553884615385
Antioquia,74,1010.88877
Caribe,73,2235.594440769231
Antioquia,73,1016.7278323076923
Nordeste,73,895.7990323076922
Oriental,73,2004.9276792307692
Surocciden,73,1686.7423338461538
Antioquia,72,1157.1786637974685
Nordeste,72,1019.5447562025317
Caribe,72,2544.419568607595
Surocciden,72,1919.7490054430377
Oriental,72,2281.8884881012655
Antioquia,71,1237.4183837974683
Oriental,71,2440.116510886076
Nordeste,71,1090.2408278481012
Caribe,71,2720.8517127848104
Surocciden,71,2052.865979113924
Antioquia,70,1297.038203670886
Caribe,70,2851.944553164557
Nordeste,70,1142.769513164557
Oriental,70,2557.6833026582276
Surocciden,70,2151.7747260759497
Antioquia,69,1327.4652159493671
Caribe,69,2918.8478644303796
Nordeste,69,1169.5775615189873
Oriental,69,2617.6835865822786
Surocciden,69,2202.2528645569623
Caribe,68,2860.6764677215187
Oriental,68,2565.5142664556965
Nordeste,68,1146.2683772151897
Antioquia,68,1301.0093984810126
Surocciden,68,2158.3629024050633
Nordeste,67,1092.3144194936708
Oriental,67,2444.7575111392407
Antioquia,67,1239.7719015189873
Caribe,67,2726.0266589873418
Surocciden,67,2056.7704437974685
Oriental,66,2509.7519368354433
Nordeste,66,1121.3538432911394
Caribe,66,2798.49868835443
Antioquia,66,1272.731514936709
Surocciden,66,2111.45014721519
Antioquia,65,1293.4891801265821
Caribe,65,2844.140912911392
Nordeste,65,1139.642607721519
Oriental,65,2550.6848348101266
Surocciden,65,2145.8869260759493
Caribe,64,2845.412803164557
Antioquia,64,1294.0676241772153
Nordeste,64,1140.1522518987342
Oriental,64,2551.825492658228
Surocciden,64,2146.846559493671
Caribe,63,2812.926853544304
Surocciden,63,2122.3361107594937
Antioquia,63,1279.293312278481
Nordeste,63,1127.1351856962026
Oriental,63,2522.691416582278
Oriental,62,2509.769421898734
Caribe,62,2798.518184050633
Surocciden,62,2111.4648574683542
Nordeste,62,1121.3616558227848
Antioquia,62,1272.740381772152
Surocciden,61,2127.99103721519
Oriental,61,2529.4130834177217
Nordeste,61,1130.138417341772
Caribe,61,2820.421847848101
Antioquia,61,1282.7019672151898
Surocciden,60,2073.6360129113923
Oriental,60,2464.804583924051
Caribe,60,2748.3801462025317
Nordeste,60,1101.2714253164556
Antioquia,60,1249.9380624050632
Surocciden,59,2001.590890886076
Oriental,59,2379.1689439240504
Nordeste,59,1063.009534556962
Caribe,59,2652.892132025316
Antioquia,59,1206.51099
Caribe,58,2564.4287339240504
Surocciden,58,1934.845798227848
Antioquia,58,1166.2786482278482
Nordeste,58,1027.5623953164556
Oriental,58,2299.8331248101263
Antioquia,57,1102.578030506329
Nordeste,57,971.4382783544305
Oriental,57,2174.21924
Surocciden,57,1829.1670446835442
Caribe,57,2424.362981772152
Oriental,56,2052.956302405063
Surocciden,56,1727.1487374683545
Nordeste,56,917.2581588607594
Caribe,56,2289.148754556962
Antioquia,56,1041.0838413924052
Oriental,55,2012.4588982278483
Surocciden,55,1693.078337721519
Nordeste,55,899.1639713924051
Caribe,55,2243.992126329114
Antioquia,55,1020.5470212658229
Oriental,54,1917.5623989873418
Caribe,54,2138.177793164557
Nordeste,54,856.764341772152
Antioquia,54,972.4236332911393
Surocciden,54,1613.2420693670886
Antioquia,53,952.3669978481013
Surocciden,53,1579.9682917721518
Nordeste,53,839.0932263291138
Oriental,53,1878.0118893670888
Caribe,53,2094.0770010126585
Oriental,52,1899.73973278481
Nordeste,52,848.8011974683543
Caribe,52,2118.3046298734175
Antioquia,52,963.3855018987342
Surocciden,52,1598.24789
Nordeste,51,870.2658258227847
Antioquia,51,987.7477573417722
Caribe,51,2171.8726769620253
Oriental,51,1947.7806729113925
Surocciden,51,1638.664654050633
Oriental,50,2015.212370379747
Nordeste,50,900.3942189873417
Antioquia,50,1021.9433464556962
Surocciden,50,1695.394828607595
Caribe,50,2247.062384810127
Caribe,49,2387.0916825316453
Antioquia,49,1085.627385443038
Surocciden,49,1801.0460778481013
Nordeste,49,956.5037293670886
Oriental,49,2140.7935624050633
Surocciden,48,1797.000149230769
Caribe,48,2381.729243076923
Antioquia,48,1083.1885976923077
Oriental,48,2135.9844146153846
Nordeste,48,954.3550084615385
Surocciden,47,1880.9940723076922
Oriental,47,2235.822863846154
Nordeste,47,998.9626961538462
Caribe,47,2493.0540984615386
Antioquia,47,1133.818119230769
Antioquia,46,1168.9271592307691
Caribe,46,2570.2523138461543
Nordeste,46,1029.8958946153846
Oriental,46,2305.055832307692
Surocciden,46,1939.239653846154
Surocciden,45,1963.6828592307693
Antioquia,45,1183.6609376923077
Caribe,45,2602.6491392307694
Nordeste,45,1042.87725
Oriental,45,2334.109980769231
Antioquia,44,1152.8887561538463
Caribe,44,2534.986860769231
Nordeste,44,1015.7650853846154
Oriental,44,2273.4290376923077
Surocciden,44,1912.6320853846155
Caribe,43,2335.001324615385
Surocciden,43,1761.7442207692307
Oriental,43,2094.077842307692
Nordeste,43,935.6312084615384
Antioquia,43,1061.9371684615385
Oriental,42,2082.5922707692307
Caribe,42,2322.194339230769
Surocciden,42,1752.081427692308
Nordeste,42,930.4994692307693
Antioquia,42,1056.11267
Surocciden,41,1766.0873900000001
Nordeste,41,937.9377907692307
Antioquia,41,1064.5551276923077
Caribe,41,2340.757727692308
Oriental,41,2099.2403046153845
Surocciden,40,1781.7088076923078
Oriental,40,2117.8085261538463
Nordeste,40,946.2340469230769
Caribe,40,2361.4622215384616
Antioquia,40,1073.9713415384615
Antioquia,39,1084.8636515384615
Surocciden,39,1799.7790476923076
Caribe,39,2385.4123730769234
Nordeste,39,955.8308323076924
Oriental,39,2139.2875215384615
Oriental,38,2143.353267692308
Surocciden,38,1803.199556153846
Caribe,38,2389.945884615385
Antioquia,38,1086.9254492307691
Nordeste,38,957.6474038461539
Oriental,37,2115.727342307692
Antioquia,37,1072.9159446153847
Surocciden,37,1779.9579107692307
Caribe,37,2359.1415984615387
Nordeste,37,945.3041769230769
Oriental,36,2051.709856923077
Nordeste,36,916.7012476923077
Antioquia,36,1040.4517484615385
Surocciden,36,1726.1001046153847
Caribe,36,2287.758903076923
Antioquia,35,1001.9433669230768
Nordeste,35,882.7730215384615
Surocciden,35,1662.2150415384615
Oriental,35,1975.7735823076923
Caribe,35,2203.0861669230767
Antioquia,34,954.1589623076924
Caribe,34,2098.0171976923075
Nordeste,34,840.672056923077
Oriental,34,1881.5455392307692
Surocciden,34,1582.9411461538461
Antioquia,33,902.3517315384615
Oriental,33,1779.384716923077
Nordeste,33,795.0267376923077
Caribe,33,1984.1027807692308
Surocciden,33,1496.9934153846154
Surocciden,32,1449.4948069230768
Antioquia,32,873.7207115384615
Caribe,32,1921.1485153846154
Oriental,32,1722.926020769231
Nordeste,32,769.8010661538463
Caribe,31,1982.1791269230769
Antioquia,31,901.4768723076922
Surocciden,31,1495.5420315384615
Nordeste,31,794.2559315384616
Oriental,31,1777.659546153846
Caribe,30,2001.6845353846152
Surocciden,30,1510.2587415384614
Antioquia,30,910.3477523076924
Nordeste,30,802.0717176923076
Oriental,30,1795.1524015384614
Oriental,29,1817.2016861538464
Nordeste,29,811.92331
Antioquia,29,921.5292653846154
Surocciden,29,1528.8087707692307
Caribe,29,2026.2705915384615
Nordeste,28,830.2054253846153
Oriental,28,1858.119709230769
Surocciden,28,1563.2330323076922
Caribe,28,2071.8962261538463
Antioquia,28,942.2793861538462
Oriental,27,1912.1897130769232
Nordeste,27,854.3638330769231
Caribe,27,2132.1869815384616
Antioquia,27,969.6990676923076
Surocciden,27,1608.7220392307693
Surocciden,26,1664.04747
Nordeste,26,883.7461923076922
Antioquia,26,1003.0479107692307
Caribe,26,2205.5148523076923
Oriental,26,1977.951676923077
Surocciden,25,1703.0840615384614
Oriental,25,2024.3520915384615
Nordeste,25,904.4778346153846
Antioquia,25,1026.5782315384615
Caribe,25,2257.2536299999997
Caribe,24,2558.2905994805196
Surocciden,24,1930.2146132467533
Nordeste,24,1025.1028554545455
Antioquia,24,1163.4870814285714
Oriental,24,2294.328317922078
Surocciden,23,2054.098903896104
Oriental,23,2441.582014675325
Nordeste,23,1090.8956122077923
Caribe,23,2722.485820649351
Antioquia,23,1238.1615614285713
Caribe,22,2846.3103183116887
Nordeste,22,1140.5118851948052
Antioquia,22,1294.4758059740261
Oriental,22,2552.6304033766232
Surocciden,22,2147.52373025974
Nordeste,21,1169.962675064935
Antioquia,21,1327.902318831169
Oriental,21,2618.5455267532466
Caribe,21,2919.808971298701
Surocciden,21,2202.9780148051946
Surocciden,20,2179.125838051948
Oriental,20,2590.1939
Nordeste,20,1157.295205974026
Caribe,20,2888.1954923376625
Antioquia,20,1313.5247983116883
Nordeste,19,1099.940991168831
Antioquia,19,1248.4280261038962
Caribe,19,2745.0598575324675
Surocciden,19,2071.130876883117
Oriental,19,2461.8268806493506
Caribe,18,2799.3764755844154
Surocciden,18,2112.1124324675325
Oriental,18,2510.5391545454545
Nordeste,18,1121.7055711688313
Antioquia,18,1273.1307246753247
Surocciden,17,2148.264198701299
Oriental,17,2553.510552857143
Caribe,17,2847.2917294805197
Antioquia,17,1294.9221427272728
Nordeste,17,1140.905135064935
Caribe,16,2853.6626772727273
Antioquia,16,1297.8195912987012
Nordeste,16,1143.4579636363637
Oriental,16,2559.224151818182
Surocciden,16,2153.071038961039
Oriental,15,2534.095502857143
Surocciden,15,2131.930349090909
Antioquia,15,1285.0764893506494
Caribe,15,2825.6429794805194
Nordeste,15,1132.2305166233766
Surocciden,14,2127.285802207792
Antioquia,14,1282.2768685714286
Caribe,14,2819.487135714286
Nordeste,14,1129.76387987013
Oriental,14,2528.574813896104
Caribe,13,2831.824320779221
Nordeste,13,1134.7073699999999
Surocciden,13,2136.5941332467532
Oriental,13,2539.6390594805193
Antioquia,13,1287.8877074025975
Caribe,12,2758.2775398701297
Nordeste,12,1105.2372945454547
Oriental,12,2473.680773116883
Surocciden,12,2081.103536363636
Antioquia,12,1254.4393061038961
Surocciden,11,2011.2963477922078
Antioquia,11,1212.3612067532467
Caribe,11,2665.7556650649353
Nordeste,11,1068.1639311688314
Oriental,11,2390.705228311688
Antioquia,10,1169.8320745454546
Caribe,10,2572.2420523376622
Oriental,10,2306.840271948052
Surocciden,10,1940.7408990909091
Nordeste,10,1030.69318
Antioquia,9,1101.537986233766
Caribe,9,2422.076119220779
Nordeste,9,970.5219361038961
Oriental,9,2172.168333376623
Surocciden,9,1827.4416209090912
Antioquia,8,1038.830124025974
Caribe,8,2284.1932520779224
Oriental,8,2048.5121051948054
Surocciden,8,1723.40984012987
Nordeste,8,915.2724968831169
Nordeste,7,894.4347649350649
Surocciden,7,1684.1734910389612
Caribe,7,2232.189716103896
Antioquia,7,1015.1793929870129
Oriental,7,2001.874250779221
Antioquia,6,975.0557403896105
Oriental,6,1922.7527596103896
Caribe,6,2143.9653046753247
Nordeste,6,859.0833872727272
Surocciden,6,1617.608711298701
Surocciden,5,1593.0488093506492
Oriental,5,1893.5599028571428
Caribe,5,2111.4138112987016
Antioquia,5,960.2516207792208
Nordeste,5,846.0400575324676
Oriental,4,1917.2469194805194
Caribe,4,2137.826017142857
Antioquia,4,972.2636485714286
Surocciden,4,1612.9766571428572
Nordeste,4,856.6233858441558
Caribe,3,2192.8139803896106
Antioquia,3,997.2716697402597
Nordeste,3,878.6569723376623
Surocciden,3,1654.4647380519482
Oriental,3,1966.5612697402596
Antioquia,2,1032.5479274025975
Caribe,2,2270.3798772727273
Nordeste,2,909.7374998701299
Oriental,2,2036.1239829870128
Surocciden,2,1712.9877340259739
Antioquia,1,1093.7799951948052
Surocciden,1,1814.5711831168833
Oriental,1,2156.87002961039
Caribe,1,2405.0177466233763
Nordeste,1,963.6866736363636
