Id,Values_code,Values_MarketType,Values_Hour01,Values_Hour02,Values_Hour03,Values_Hour04,Values_Hour05,Values_Hour06,Values_Hour07,Values_Hour08,Values_Hour09,Values_Hour10,Values_Hour11,Values_Hour12,Values_Hour13,Values_Hour14,Values_Hour15,Values_Hour16,Values_Hour17,Values_Hour18,Values_Hour19,Values_Hour20,Values_Hour21,Values_Hour22,Values_Hour23,Values_Hour24,Date
MercadoComercializacion,ANTIOQUIA,NO REGULADO,309527.32,310462.73,311367.12,316795.02,330847.72,341941.44,349543.66,374249.6,381007.25,382584.57,382635.87,395194.92,394797.12,390898.13,398626.51,405534.95,400357.33,385543.26,407971.52,398753.61,387797.62,375951.83,368577.49,360373.49,2024-04-29
MercadoComercializacion,ANTIOQUIA,REGULADO,623791.24,592200.3,575425.86,578498.93,630578.66,739126.11,833217.92,893788.7,956386.95,1001369.69,1054003.62,1109949.58,1124401.23,1108823.04,1113890.13,1116026.04,1087999.59,1049738.88,1086477.84,1109386.18,1050377.36,961211.99,837176.65,737076.01,2024-04-29
MercadoComercializacion,ARAUCA,NO REGULADO,84148.86,84774.24,84808.05,84825.61,84240.83,84215.69,83609.53,84404.74,84048.24,83603.85,83628.5,84081.59,85914.26,85029.51,82489.16,86645.34,84926.96,84916.49,85295.66,83773.78,83967.41,84242.48,83980.61,83521.49,2024-04-29
MercadoComercializacion,ARAUCA,REGULADO,36094.14,34575.76,33464.38,32566.88,32012.73,31494.4,30834.97,32971.82,34276.33,34577.71,34992.53,36063.2,34297.03,36339.55,39302.92,39263.93,38599.33,37233.38,39682.68,40145.3,39859.95,38671.9,36257.2,33908.45,2024-04-29
MercadoComercializacion,BAJO PUTUMAYO,NO REGULADO,176.77,161.95,157.95,151.85,152.38,151.8,186.41,217.26,247.45,269.38,287.3,286.66,289.02,304.79,324.66,325.68,314.5,292.8,269.63,226.1,206.1,214.38,167.94,167.22,2024-04-29
MercadoComercializacion,BAJO PUTUMAYO,REGULADO,8205.12,7757.82,7482.7,7288.06,7329.31,7862.84,8361.88,9176.55,10579.95,11526.36,12349.92,12850.04,12750.86,12739.98,13490.53,13756.18,13595.12,13299.01,14389.01,14695.16,13955.95,12820.11,11058.87,9397.03,2024-04-29
MercadoComercializacion,BOGOTA - CUNDINAMARCA,NO REGULADO,474256.69,476499.44,463115.91,460806.64,454451.52,462289.62,507393.37,544231.8,560612.59,560112.39,564938.74,574965.26,578178.24,581004.7,581345.29,580731.98,578349.88,569619.88,564046.61,566060.06,558980.66,550989.65,544248.54,561159.45,2024-04-29
MercadoComercializacion,BOGOTA - CUNDINAMARCA,REGULADO,877547.88,827773.03,808159.81,829319.07,967268.21,1218918.09,1279879.02,1389047.29,1467695.03,1522944.31,1582042.87,1626464.12,1621936.73,1600966.53,1600869.46,1580798.33,1549401.61,1507545.47,1629414.06,1653536.7,1570887.04,1399825.95,1202332.08,1031326.2,2024-04-29
MercadoComercializacion,BOYACA,NO REGULADO,322950.52,322407.33,324938.78,303185.95,303174.25,317766.92,301751.67,302054.16,300588.01,313063.76,306990.76,305688.29,301960.66,297742.18,291355.19,297316.67,310109.62,308200.82,340438.41,353411.23,343100.97,341895.13,341424.79,322415.43,2024-04-29
MercadoComercializacion,BOYACA,REGULADO,69399.09,66620.6,65712.2,65320.75,70927.59,91384.0,116710.32,115981.53,123339.81,127164.2,129983.75,131627.28,124516.11,122765.26,126960.84,124840.54,123521.57,123436.49,131561.69,133476.83,126202.16,111290.52,94047.29,82334.88,2024-04-29
MercadoComercializacion,CALDAS,NO REGULADO,70796.55,68087.12,70408.89,70104.37,65505.86,71060.81,65531.04,61325.28,73185.21,78584.23,84680.54,85154.1,83913.03,83321.58,86179.26,86250.4,84165.48,84490.72,80013.77,79687.69,79183.12,78403.64,79068.96,78821.89,2024-04-29
MercadoComercializacion,CALDAS,REGULADO,89037.18,83249.35,80652.32,80154.85,85830.49,103717.11,115638.64,119339.41,124681.82,131197.48,139142.55,147103.42,145355.76,142796.32,143724.2,143236.08,143673.22,145934.73,160368.29,166342.99,159292.03,145469.42,121456.33,103893.67,2024-04-29
MercadoComercializacion,CALI - YUMBO - PUERTO TEJADA,NO REGULADO,155204.65,163368.62,166846.72,167734.16,170792.43,175018.57,165173.52,189094.88,197446.99,201438.34,199448.77,204640.39,204746.35,208319.15,212641.77,217144.04,215033.33,203999.63,212106.15,208544.59,200440.17,193734.22,186676.34,180573.76,2024-04-29
MercadoComercializacion,CALI - YUMBO - PUERTO TEJADA,REGULADO,221346.84,208243.32,202232.62,199110.59,204604.31,226543.67,252476.55,280789.22,323507.24,344751.14,375579.15,395895.86,399097.51,400636.66,411427.58,414118.91,408302.76,382663.44,373413.35,378071.18,366797.82,338342.23,303910.32,267346.3,2024-04-29
MercadoComercializacion,CAQUETA,NO REGULADO,615.13,612.76,604.61,589.35,548.16,552.72,643.67,677.69,715.12,793.22,1131.53,1229.69,782.31,636.5,626.41,583.03,635.93,1297.19,1343.83,1265.98,1004.9,848.76,751.95,693.4,2024-04-29
MercadoComercializacion,CAQUETA,REGULADO,28194.19,27004.79,26311.14,26001.76,26313.07,28744.83,29891.93,33397.87,37833.63,40958.04,44399.27,47878.59,45745.41,45657.62,48587.62,49195.86,49564.48,47316.32,48466.78,48690.68,46397.5,42941.43,38086.44,33847.64,2024-04-29
MercadoComercializacion,CARIBE MAR,NO REGULADO,346868.72,364966.22,379137.87,388158.88,382596.58,393951.18,391129.16,407679.42,415618.9,424742.01,423760.57,422723.82,400897.73,429801.45,441183.86,397475.13,410590.28,398568.39,435881.51,447732.51,429956.09,447462.46,437343.78,430443.6,2024-04-29
MercadoComercializacion,CARIBE MAR,REGULADO,997766.14,958877.8,926328.47,895789.68,869407.82,817457.4,772889.98,787343.87,822456.78,851644.6,889084.33,928418.96,947400.92,1012282.13,1063277.13,1072100.4,1040676.4,981513.85,1005904.57,1089448.1,1138515.05,1182200.67,1183818.74,1133854.96,2024-04-29
MercadoComercializacion,CARIBE SOL,NO REGULADO,190154.64,185102.39,187278.09,187753.21,188342.24,190969.03,192311.9,219899.66,234481.01,242440.45,243168.09,237124.51,226430.34,236292.66,242798.94,247781.28,248478.2,240417.06,252162.25,251093.64,242000.34,222169.16,206375.56,206070.35,2024-04-29
MercadoComercializacion,CARIBE SOL,REGULADO,1013993.65,970861.34,937090.87,910353.96,886339.36,806124.56,774876.41,812755.53,794969.65,820387.33,850565.83,874118.42,891104.47,942564.42,991227.97,993636.5,1024939.01,988887.0,1016262.93,1074111.28,1117529.49,1155490.63,1159138.67,1119351.89,2024-04-29
MercadoComercializacion,CARTAGO,NO REGULADO,6899.55,7792.51,7449.63,7311.8,7458.01,7733.79,7564.36,8480.15,7433.7,7059.35,7106.77,6620.09,5899.21,6906.01,6930.72,8478.62,9832.04,9020.6,8787.72,9252.53,9381.35,8791.02,7878.09,7412.0,2024-04-29
MercadoComercializacion,CARTAGO,REGULADO,12444.44,11731.52,11346.03,11229.96,11470.46,12598.54,13076.39,14270.13,16000.55,17388.3,19025.71,20285.12,19509.67,19764.66,21257.33,21673.13,21421.26,20522.28,20911.54,21035.3,20234.48,19011.25,17072.43,14892.36,2024-04-29
MercadoComercializacion,CASANARE,NO REGULADO,4788.96,4535.62,4374.07,4518.15,4863.88,4900.59,5275.2,7417.87,9934.61,9574.66,8809.33,10092.42,10471.6,10340.82,11356.59,11403.57,9569.1,8647.13,8458.48,8246.03,9269.98,9816.29,9263.3,9223.03,2024-04-29
MercadoComercializacion,CASANARE,REGULADO,49789.01,50520.94,49709.95,48306.37,47759.79,48052.04,46937.63,51675.27,57561.19,59382.75,60789.87,67831.33,66165.99,70653.7,76059.03,77066.91,74632.12,70602.62,75572.07,77280.92,75562.86,72546.89,67291.7,62436.06,2024-04-29
MercadoComercializacion,CAUCA,NO REGULADO,28182.56,28761.57,29828.31,30464.71,31383.49,32804.87,31603.69,34096.02,35216.89,32896.2,32007.69,31831.2,29894.78,29725.3,31108.41,33690.97,36284.08,38090.03,40906.68,40115.17,40206.74,39533.35,38124.2,37628.25,2024-04-29
MercadoComercializacion,CAUCA,REGULADO,55745.19,53659.81,51559.14,51409.07,56261.33,69268.54,81090.68,78603.92,80395.39,81100.24,85734.86,91516.22,90937.48,88160.49,89908.06,89789.58,90917.93,97077.75,108318.53,110860.43,103028.23,90068.33,74681.01,63445.08,2024-04-29
MercadoComercializacion,CHOCO,NO REGULADO,1052.93,1081.53,1031.82,1022.92,1089.4,1106.88,1100.9,1047.67,1031.74,1119.59,1495.39,2200.8,2508.93,2370.79,2517.31,2581.2,2472.29,2155.92,2323.17,2372.56,2384.62,2380.63,2477.85,2548.36,2024-04-29
MercadoComercializacion,CHOCO,REGULADO,24292.42,23399.39,22591.76,22512.09,22441.89,23762.5,25058.5,27062.51,30022.88,32222.45,28111.95,35302.72,35418.94,35840.25,35067.81,35674.44,36083.34,34706.46,35483.35,35296.71,36685.71,35267.44,31720.0,28439.63,2024-04-29
MercadoComercializacion,GUAVIARE,REGULADO,8184.05,7907.25,7711.41,7597.61,7545.34,7851.72,8230.4,8960.21,9895.26,10290.19,10698.06,11251.84,11328.86,11890.97,12665.04,12925.79,12863.93,12456.1,12983.04,12818.44,12293.53,11569.39,10523.77,9429.96,2024-04-29
MercadoComercializacion,HUILA,NO REGULADO,37060.39,34882.37,32439.1,32714.42,32482.31,31493.54,32816.67,32519.14,26383.1,28200.39,27786.86,25398.95,24974.24,28566.0,36913.83,34110.91,36474.37,42084.51,45840.49,45734.15,44656.72,43623.0,42016.08,40922.32,2024-04-29
MercadoComercializacion,HUILA,REGULADO,92279.5,87885.99,82605.45,79406.8,78972.64,86487.13,91890.31,100096.19,108107.94,113032.25,121429.73,130602.05,125924.28,128796.17,136092.96,136785.7,136201.84,131930.24,140639.41,143106.73,136637.3,126241.52,111982.32,101148.82,2024-04-29
MercadoComercializacion,META,NO REGULADO,193058.32,203255.96,212772.09,215767.47,217825.21,218318.94,207656.53,204053.67,197127.45,186113.62,196699.12,192401.2,184455.29,186674.06,169006.79,164475.41,168916.29,186348.65,206042.31,196331.82,197770.4,203286.84,202222.63,199558.93,2024-04-29
MercadoComercializacion,META,REGULADO,91408.57,90576.19,89526.67,86163.63,86584.87,91316.25,98989.29,107880.3,121415.69,134048.31,143070.59,145280.66,156269.87,161196.59,166201.14,165489.17,164514.65,159210.44,162033.98,161053.63,158949.68,149564.21,135634.37,122869.74,2024-04-29
MercadoComercializacion,NARIÑO,NO REGULADO,10532.41,10426.51,10167.68,10157.8,10156.71,10328.57,2375.52,3484.7,3968.46,4290.08,4368.88,4501.48,4491.52,4691.65,4630.72,4708.79,4487.38,4204.11,12496.78,12482.04,12194.31,11770.28,11430.46,11364.68,2024-04-29
MercadoComercializacion,NARIÑO,REGULADO,56818.36,53931.5,52352.71,51832.88,55834.15,76921.94,99912.52,97188.41,100566.45,103285.15,106833.55,112409.45,107467.59,104280.24,107303.21,108207.58,110809.32,112790.73,118042.61,122661.59,113490.58,100239.3,82210.7,67300.1,2024-04-29
MercadoComercializacion,NORTE DE SANTANDER,NO REGULADO,26562.07,25691.71,25826.32,25006.73,25414.21,26317.09,29072.26,36535.5,41300.78,42248.25,44345.01,43702.94,40534.39,42709.22,45461.52,46683.06,46498.01,42987.67,47485.32,46519.94,44033.54,42273.76,40915.93,39831.2,2024-04-29
MercadoComercializacion,NORTE DE SANTANDER,REGULADO,175432.17,168073.45,162936.7,159875.28,160234.87,163767.74,170816.31,187141.87,205550.46,217843.9,227309.96,231230.22,215134.85,223380.99,236874.49,238148.02,233582.32,222709.03,225568.0,226335.18,224621.95,217441.02,204121.17,190155.21,2024-04-29
MercadoComercializacion,PEREIRA,NO REGULADO,20580.91,20567.84,20248.6,20523.05,20825.53,22269.61,19835.63,22742.31,24021.38,24586.56,25471.0,26092.44,26289.94,26489.87,26602.24,27039.4,27558.41,26004.16,30136.98,28949.67,27627.86,25986.04,24620.59,23487.15,2024-04-29
MercadoComercializacion,PEREIRA,REGULADO,41335.41,38780.56,37407.81,37176.35,39552.88,45122.12,52336.94,57739.87,64267.51,69302.08,73499.28,77774.13,77131.11,75949.66,77212.76,78258.86,78005.35,75385.19,76247.16,78034.96,73658.28,67152.6,57542.48,48596.68,2024-04-29
MercadoComercializacion,POPAYAN - PURACE,NO REGULADO,86.39,82.24,83.27,82.25,83.07,159.14,214.32,252.64,248.57,271.52,281.9,292.66,257.14,188.53,299.68,313.2,325.12,287.26,334.18,333.55,294.97,98.09,104.23,89.52,2024-04-29
MercadoComercializacion,POPAYAN - PURACE,REGULADO,1154.37,408.07,441.51,331.14,344.41,479.56,491.41,599.31,456.91,684.2,255.64,994.59,743.86,899.11,1565.68,1077.11,10.55,130.06,801.58,1277.29,,2399.83,595.66,60.41,2024-04-29
MercadoComercializacion,PUTUMAYO,NO REGULADO,3618.43,3644.03,3624.99,3690.76,3740.51,3825.78,3643.67,3627.84,3531.44,3432.5,3398.92,3567.24,3571.93,3662.15,3903.69,4196.4,4911.01,4774.96,4465.7,4234.14,4233.03,4606.3,4513.14,4108.61,2024-04-29
MercadoComercializacion,PUTUMAYO,REGULADO,7423.25,6943.41,6747.7,6657.12,6734.23,7512.49,7688.46,8319.26,9305.46,10296.06,11563.6,12300.36,11592.24,11667.52,12235.65,12337.58,12299.05,12039.26,13401.84,14041.81,13382.17,12131.75,10241.93,8620.78,2024-04-29
MercadoComercializacion,QUINDIO,NO REGULADO,4243.76,4472.92,4491.94,4666.78,4898.97,5027.14,5864.83,7004.25,7363.72,7462.41,7997.5,8293.95,7990.5,8221.08,8089.64,8132.4,8173.77,7749.61,7447.62,7139.09,7306.93,6946.02,6150.26,6060.23,2024-04-29
MercadoComercializacion,QUINDIO,REGULADO,38913.05,36429.88,35315.21,35108.71,36933.82,43326.09,46559.97,51359.82,56058.73,59482.0,62936.57,66334.56,65471.8,64866.6,65155.1,64844.79,65591.78,65566.47,71499.01,74337.03,70582.3,64345.41,54653.73,46031.3,2024-04-29
MercadoComercializacion,RUITOQUE,NO REGULADO,70.11,74.78,76.7,73.97,70.23,70.34,75.84,87.27,114.67,119.08,116.67,112.59,108.96,103.41,107.03,108.89,114.6,122.42,118.07,114.37,109.99,93.36,79.81,75.6,2024-04-29
MercadoComercializacion,RUITOQUE,REGULADO,1291.53,1483.96,1247.01,1238.99,1334.69,1314.88,1476.4,1529.93,1747.75,1773.9,1869.21,1919.0,1838.28,1624.85,1661.74,1731.54,1805.4,1726.01,2018.3,2146.65,2118.82,2025.66,1853.46,1649.47,2024-04-29
MercadoComercializacion,SANTANDER,NO REGULADO,122136.05,124190.41,122700.72,122839.1,123590.77,129125.22,135142.71,145777.89,149706.64,152599.62,154744.51,160605.07,159991.25,161484.14,163859.21,163267.59,162720.16,155000.55,153239.95,143091.3,136893.86,138481.64,135796.44,132174.58,2024-04-29
MercadoComercializacion,SANTANDER,REGULADO,244135.53,232500.98,222854.9,215190.47,215657.35,225567.71,231302.49,261227.74,289181.15,302901.6,317559.17,328875.81,312630.4,320550.64,338072.36,344130.36,341987.5,327343.06,344676.0,343748.04,333451.81,313727.4,286326.14,261091.85,2024-04-29
MercadoComercializacion,TOLIMA,NO REGULADO,33650.71,33596.41,34189.42,35913.57,33088.67,33099.92,35515.63,42412.26,45446.01,46205.95,49639.35,49477.22,49642.13,51439.0,53482.92,52631.95,52004.5,51259.19,52852.88,52971.74,51619.03,49764.33,47881.12,46750.91,2024-04-29
MercadoComercializacion,TOLIMA,REGULADO,115244.94,110137.59,106437.4,104776.8,106284.81,114416.09,115854.44,124361.15,133292.1,138247.07,144667.08,150563.88,148873.4,147388.51,150827.55,151173.45,151374.31,152935.31,172986.91,178076.9,171093.67,159596.08,140011.45,124848.45,2024-04-29
MercadoComercializacion,TULUA,NO REGULADO,7360.48,7471.21,7675.72,8187.29,8258.53,8507.04,6278.44,6173.97,5690.56,4004.0,3921.17,4061.02,3868.58,3808.51,4185.85,5061.74,6469.28,7907.17,10753.41,10120.04,10025.86,9380.58,8722.56,8362.4,2024-04-29
MercadoComercializacion,TULUA,REGULADO,13494.77,12768.61,12383.37,12260.22,12614.95,14154.03,15430.66,17387.26,19396.96,21067.28,22746.08,24601.62,23399.03,23545.58,25493.47,26229.64,25771.24,25000.29,24431.89,24845.56,23933.82,22499.52,19539.62,16498.95,2024-04-29
MercadoComercializacion,VALLE DEL CAUCA,NO REGULADO,119122.67,121191.23,122837.09,124918.13,126241.45,127220.21,129837.55,132854.09,127293.02,113290.69,110150.56,105450.3,106100.17,101097.76,101723.86,129999.3,138714.31,146760.18,149961.01,151363.92,152216.81,146465.93,145668.19,144405.87,2024-04-29
MercadoComercializacion,VALLE DEL CAUCA,REGULADO,134119.31,128094.69,123909.01,122088.17,126832.84,137292.14,141355.93,151377.13,161922.88,175856.67,184525.92,197102.12,191512.22,195520.9,201934.3,202431.93,198966.07,199365.33,211730.13,223754.97,214037.79,200587.37,173609.95,149860.52,2024-04-29
MercadoComercializacion,VALLE DEL SIBUNDOY,REGULADO,1085.5,1026.93,987.12,978.17,1024.57,1270.39,1760.4,1405.72,1491.56,1555.92,1561.02,1648.74,1564.16,1559.53,1623.36,1603.47,1693.75,1846.65,2318.11,2458.96,2247.13,1992.97,1548.33,1228.95,2024-04-29
MercadoComercializacion,ANTIOQUIA,NO REGULADO,354081.12,349906.77,352699.68,348587.75,354979.45,366389.68,366136.3,386239.63,387745.48,390633.41,404726.58,405251.86,403093.76,396881.64,396294.3,400611.23,390992.97,379868.78,398177.16,386031.71,373294.74,347679.54,325393.84,318022.65,2024-04-30
MercadoComercializacion,ANTIOQUIA,REGULADO,665912.5,627953.91,610105.05,613162.44,665922.76,770330.37,865557.32,926023.93,983677.2,1025996.8,1085852.42,1126175.6,1133083.59,1117037.27,1117526.31,1117582.63,1086216.0,1041927.27,1076504.1,1086024.78,1030535.54,946406.59,842142.55,752635.22,2024-04-30
MercadoComercializacion,ARAUCA,NO REGULADO,83234.08,83260.75,84095.31,83967.42,83977.87,84270.56,83516.98,82810.07,81972.96,82323.57,82608.43,77729.78,77672.06,81233.62,82136.8,82603.72,84753.41,84597.02,85209.03,85536.36,85113.03,85308.87,85321.29,84692.86,2024-04-30
MercadoComercializacion,ARAUCA,REGULADO,32274.88,31032.49,30153.11,29490.32,29389.83,28689.3,29130.95,32315.42,35668.83,38565.76,41018.85,42731.54,40249.16,43432.19,45810.28,43682.36,41253.19,39851.5,42348.36,43477.32,43209.09,42845.95,40630.42,38071.26,2024-04-30
MercadoComercializacion,BAJO PUTUMAYO,NO REGULADO,153.4,152.63,141.09,136.32,149.67,149.66,193.07,207.85,213.54,246.86,344.66,252.49,265.01,273.29,298.23,279.72,272.22,273.35,251.33,222.44,216.7,228.72,197.44,177.76,2024-04-30
MercadoComercializacion,BAJO PUTUMAYO,REGULADO,8385.94,7857.76,7497.24,7292.86,7300.03,7698.15,8323.88,9051.2,9909.73,10521.18,10921.09,11327.69,11191.46,11845.77,12974.57,13125.2,12955.79,12849.29,14089.78,14323.57,13534.31,12564.05,10787.76,9410.79,2024-04-30
MercadoComercializacion,BOGOTA - CUNDINAMARCA,NO REGULADO,564709.21,553447.41,535177.1,517993.6,501099.67,495932.33,528131.03,553410.54,559271.72,556668.04,567812.11,582608.55,578045.42,572919.64,572114.3,577683.51,575277.86,564414.17,556910.1,557424.07,551082.61,532866.14,515819.2,531260.64,2024-04-30
MercadoComercializacion,BOGOTA - CUNDINAMARCA,REGULADO,919143.76,881104.03,860461.33,878278.87,1020560.0,1248080.85,1301547.18,1404453.38,1486790.18,1537850.78,1596668.94,1640262.13,1631523.35,1606481.33,1615939.61,1600684.34,1554186.87,1517999.83,1629644.2,1628606.09,1547943.0,1402423.74,1216565.27,1078552.81,2024-04-30
MercadoComercializacion,BOYACA,NO REGULADO,329041.17,314259.5,320281.05,299947.2,315511.93,313979.84,308956.36,317377.98,314132.16,305322.73,298792.3,296362.63,292979.38,288110.25,309858.25,311564.02,323083.59,326142.03,320156.82,329483.89,342618.58,332983.8,328042.98,312604.51,2024-04-30
MercadoComercializacion,BOYACA,REGULADO,74374.81,71093.95,68895.34,69881.58,76177.56,96174.0,120765.02,122600.05,127750.66,130060.92,134120.86,135084.57,130702.23,127687.27,130658.24,130195.52,128914.2,125877.71,133349.02,132522.71,122257.91,112551.02,96511.76,83672.34,2024-04-30
MercadoComercializacion,CALDAS,NO REGULADO,72359.5,69798.45,69489.76,74664.88,75194.22,72521.57,69232.53,64042.44,66899.71,65945.08,67716.23,68390.46,81380.91,80628.49,80994.93,78849.63,78060.37,80020.16,79957.97,79737.55,78546.17,74234.67,71498.8,72171.22,2024-04-30
MercadoComercializacion,CALDAS,REGULADO,91976.4,85573.41,83600.92,82375.84,88507.68,106832.1,118172.09,123358.58,127576.41,134277.32,143749.49,151315.25,149859.21,144877.51,145704.27,141551.71,142763.45,144278.91,160572.37,163106.46,155267.03,142652.15,122862.88,105870.73,2024-04-30
MercadoComercializacion,CALI - YUMBO - PUERTO TEJADA,NO REGULADO,178846.63,175856.7,175737.48,175467.65,177204.22,179033.19,171193.67,189312.83,202291.88,206240.75,206640.18,212370.49,214347.83,209041.48,216985.45,206319.09,204562.95,190603.57,200793.59,198135.49,188816.63,172122.12,160448.57,155876.18,2024-04-30
MercadoComercializacion,CALI - YUMBO - PUERTO TEJADA,REGULADO,242252.67,225685.1,217384.33,213915.03,215965.82,237822.17,261916.79,296071.3,338859.68,371723.39,403766.38,428336.93,427883.63,422681.56,422670.83,409923.61,395049.93,369353.95,359222.75,359076.46,350308.58,329480.9,297771.52,268428.32,2024-04-30
MercadoComercializacion,CAQUETA,NO REGULADO,662.75,651.8,633.03,614.39,616.28,584.58,656.45,687.33,763.33,831.75,1118.41,1231.71,1301.03,1305.41,1347.27,1372.48,1319.22,1069.9,1347.22,1339.43,976.48,759.81,741.74,631.15,2024-04-30
MercadoComercializacion,CAQUETA,REGULADO,30493.69,28834.89,27981.85,27481.18,27604.24,29027.52,30082.31,34103.19,39289.33,42732.8,46053.62,49168.44,47543.87,47887.49,50917.64,51690.45,50333.28,48396.02,50257.29,50040.52,47236.95,43163.25,38632.81,33686.67,2024-04-30
MercadoComercializacion,CARIBE MAR,NO REGULADO,399012.79,400909.46,408120.38,405484.3,401967.84,396899.32,374877.56,386234.58,400953.49,415073.01,424632.07,427697.47,417233.87,434937.2,429115.41,365610.47,401967.01,410827.98,440585.12,405136.98,418607.61,404915.77,395576.45,380984.81,2024-04-30
MercadoComercializacion,CARIBE MAR,REGULADO,1077480.99,1023876.05,988053.45,953734.9,919524.51,858472.75,801816.44,814521.49,863807.16,893099.26,954697.23,999739.95,1022481.29,1083993.65,1126847.83,1106556.93,1045720.5,991373.14,1024583.74,1101410.94,1143322.57,1191103.53,1204365.8,1163886.51,2024-04-30
MercadoComercializacion,CARIBE SOL,NO REGULADO,208228.63,208303.18,206781.22,208242.22,206941.54,211526.14,210381.1,232636.8,249256.25,260994.36,263688.58,269587.01,263705.54,266258.19,262191.89,258623.51,259465.15,252122.9,265601.36,255419.6,243642.18,227458.01,216985.75,204352.55,2024-04-30
MercadoComercializacion,CARIBE SOL,REGULADO,1071522.31,1025837.89,992743.56,963928.22,934376.28,870585.14,826792.29,860295.16,880919.63,916386.41,952601.64,991068.77,1007713.0,1070632.85,1105650.18,1088886.88,1091570.28,1034231.06,1035904.85,1089196.86,1131652.15,1170245.03,1185915.94,1156079.85,2024-04-30
MercadoComercializacion,CARTAGO,NO REGULADO,6827.54,7620.83,7363.66,7733.18,8245.31,7998.71,7328.73,7920.94,7724.46,6685.18,6278.6,5590.4,5608.56,6050.57,6827.22,7490.52,7389.08,7145.72,7117.58,7072.15,7061.95,6161.5,5942.3,5315.8,2024-04-30
MercadoComercializacion,CARTAGO,REGULADO,13457.93,12575.12,12094.25,11937.2,12135.57,13145.14,13318.88,14669.92,16493.06,18570.68,19412.71,21472.81,20611.92,20881.88,23141.37,23208.05,21503.02,21190.15,21797.27,21409.14,20435.49,19192.58,17399.75,15384.8,2024-04-30
MercadoComercializacion,CASANARE,NO REGULADO,8799.93,8951.49,8768.76,8138.23,7218.88,6183.07,6704.74,7207.97,8654.35,9394.04,10346.09,10350.28,9513.56,10387.64,10624.19,9716.96,9454.01,8305.82,8435.33,8090.1,8659.31,8686.91,8216.78,7727.41,2024-04-30
MercadoComercializacion,CASANARE,REGULADO,54893.47,53984.25,54769.62,53792.91,53165.19,51727.22,51220.25,57875.02,65257.95,70955.04,75224.03,77577.04,72513.11,76059.86,81073.34,80587.44,76429.25,72769.07,77783.83,78208.96,77058.1,72791.32,69455.2,64709.64,2024-04-30
MercadoComercializacion,CAUCA,NO REGULADO,37477.77,37246.17,37110.33,36904.41,36035.61,36244.19,35484.52,37498.92,35381.23,32465.51,32157.75,32892.62,34996.25,36946.96,37426.27,41363.91,40914.79,39172.93,40199.62,40214.62,39902.4,38237.11,34828.56,33717.31,2024-04-30
MercadoComercializacion,CAUCA,REGULADO,56620.73,54548.36,53259.56,53413.03,58444.19,72613.32,81892.43,78698.81,81167.3,82339.43,90566.16,94874.96,92883.64,92601.45,90077.83,94050.9,96894.43,99719.28,111152.71,113418.39,105979.48,93676.61,76859.77,65881.59,2024-04-30
MercadoComercializacion,CHOCO,NO REGULADO,2385.49,2269.8,2193.54,2056.99,1922.36,1917.34,2013.03,2170.6,2217.0,2144.12,2142.87,2355.47,2291.88,2292.97,2573.08,2506.67,2507.15,2484.17,2478.04,2533.11,2530.62,2440.48,2542.2,2482.63,2024-04-30
MercadoComercializacion,CHOCO,REGULADO,26558.7,25329.89,24544.74,24085.34,24085.71,25385.09,26394.47,28217.97,30340.24,32058.14,33386.64,35193.35,35167.32,35626.26,36741.58,33619.1,36500.36,35578.37,36224.68,37631.83,37618.93,35499.72,32032.75,29364.07,2024-04-30
MercadoComercializacion,GUAVIARE,REGULADO,8895.99,8519.37,8280.89,8130.13,8063.01,8205.99,8445.86,9416.76,10675.9,11472.69,12045.6,12625.85,12608.05,12912.59,13475.65,13394.89,11873.3,11627.95,11941.8,11850.77,11320.69,10638.07,9661.16,8948.57,2024-04-30
MercadoComercializacion,HUILA,NO REGULADO,40575.05,40742.09,40444.38,40500.97,39526.05,38215.93,38100.55,35206.31,28170.84,29938.75,29011.02,28414.44,26902.55,27629.05,28003.35,32027.45,40707.16,42969.98,44212.92,43998.25,42953.47,41826.19,40426.41,39572.47,2024-04-30
MercadoComercializacion,HUILA,REGULADO,95329.15,90318.65,86533.55,83505.44,84424.53,93285.92,99121.18,107986.76,115224.06,121006.96,132146.12,139442.89,133105.17,137742.61,146974.81,147534.05,145890.24,140404.38,148572.35,149356.39,142362.05,131766.74,118119.49,105750.81,2024-04-30
MercadoComercializacion,META,NO REGULADO,197793.73,198362.57,198180.71,199206.13,197958.85,197087.85,184901.66,169435.9,155564.32,146540.32,139837.56,138898.72,141916.95,145423.07,137936.08,165221.99,189414.13,199532.52,205930.38,205314.4,205719.06,204055.29,200719.06,198072.01,2024-04-30
MercadoComercializacion,META,REGULADO,113999.02,107872.91,105159.3,102686.25,102507.31,102405.08,112392.6,126002.39,144750.84,158115.89,169349.22,175561.15,171609.81,176854.45,184054.54,178356.73,175727.96,170325.18,172169.22,172797.77,162833.21,146275.12,136844.51,125464.0,2024-04-30
MercadoComercializacion,NARIÑO,NO REGULADO,11376.16,11286.69,11199.24,11124.43,10970.22,10983.22,3058.22,3779.82,4235.32,4468.18,4560.46,4600.84,4503.48,4324.16,4214.16,4347.99,4435.98,4392.51,12589.5,12430.85,12165.3,11683.21,11337.43,11144.64,2024-04-30
MercadoComercializacion,NARIÑO,REGULADO,58592.57,54870.53,53525.86,53526.32,58234.68,79758.71,104318.4,101358.44,104321.82,107750.91,111396.73,116442.4,110616.86,105794.18,111021.24,114016.74,116381.56,117373.01,121977.3,126447.59,116690.25,103404.23,84900.13,66557.79,2024-04-30
MercadoComercializacion,NORTE DE SANTANDER,NO REGULADO,39473.8,38334.72,37950.21,39151.41,38350.33,38801.11,37590.4,40587.06,42902.69,43349.07,45397.54,46581.5,43985.78,45892.16,48626.72,48564.06,49043.59,48186.46,52512.05,49827.42,47624.6,45139.22,44044.02,43215.97,2024-04-30
MercadoComercializacion,NORTE DE SANTANDER,REGULADO,179679.83,172438.73,168135.53,164462.83,163905.09,167682.23,178261.01,197240.28,216945.89,229215.55,239359.89,241202.01,227021.74,245125.04,262230.02,262177.59,251850.93,241426.45,242351.51,237441.44,232447.24,225774.96,216890.55,204128.18,2024-04-30
MercadoComercializacion,PEREIRA,NO REGULADO,23222.0,22940.01,22952.44,22821.32,23165.4,24201.86,21601.31,23943.87,25084.1,25041.4,26298.53,27532.8,27341.63,27162.13,28290.61,27786.73,27575.76,25839.56,29882.57,28639.28,27581.34,26063.53,23762.49,22129.51,2024-04-30
MercadoComercializacion,PEREIRA,REGULADO,43071.0,40103.73,38703.28,38366.67,40573.92,45753.94,53723.06,59943.34,65891.89,71165.51,76299.3,80264.99,80139.42,78314.59,76683.23,77260.92,77328.26,75939.32,76002.36,75309.07,71031.96,64960.4,57126.56,49342.7,2024-04-30
MercadoComercializacion,POPAYAN - PURACE,NO REGULADO,84.41,85.29,85.36,84.28,86.17,157.73,209.9,223.19,246.75,288.57,281.74,299.61,271.49,292.53,209.35,303.47,316.07,272.28,324.06,339.89,261.95,129.48,98.08,87.42,2024-04-30
MercadoComercializacion,POPAYAN - PURACE,REGULADO,945.98,510.92,344.18,357.23,455.39,431.03,554.62,731.52,667.38,757.02,617.71,579.16,1362.36,,1549.74,349.12,670.68,546.01,607.85,1038.02,705.96,442.67,609.64,125.25,2024-04-30
MercadoComercializacion,PUTUMAYO,NO REGULADO,4013.15,3992.37,4555.55,4256.15,2691.39,3265.47,3001.42,3434.03,3751.69,3915.18,3697.51,4590.46,4054.47,3671.44,2050.27,4144.46,4166.88,4743.4,4885.34,4923.0,4835.31,5053.77,5123.71,4914.6,2024-04-30
MercadoComercializacion,PUTUMAYO,REGULADO,7720.03,7250.84,7011.94,6887.85,6983.93,7669.21,8017.67,8566.17,9143.18,9561.98,9993.38,10645.12,10392.71,10795.32,11882.55,12308.87,12056.38,11751.24,12967.19,13494.74,12912.15,11851.02,10098.58,8573.8,2024-04-30
MercadoComercializacion,QUINDIO,NO REGULADO,6197.61,6237.51,6165.91,6180.32,6198.47,5953.28,6426.44,7404.84,7786.69,8119.51,8730.65,8764.71,7860.62,7970.09,7833.92,8029.46,7783.92,7277.64,7510.26,7086.97,7321.34,6825.75,5718.89,5820.98,2024-04-30
MercadoComercializacion,QUINDIO,REGULADO,40568.2,37646.94,36415.96,36189.9,38025.02,43843.14,47936.08,53362.78,57274.25,62284.03,66639.51,70411.9,68450.14,68200.82,68714.43,68848.67,67658.66,67141.65,71428.78,72149.76,68496.93,62276.32,53408.89,45977.57,2024-04-30
MercadoComercializacion,RUITOQUE,NO REGULADO,75.96,78.0,83.0,76.39,72.12,76.73,80.39,101.62,119.48,128.28,133.06,136.26,121.06,134.09,131.52,145.09,147.13,136.15,144.5,127.57,126.32,103.32,87.3,81.06,2024-04-30
MercadoComercializacion,RUITOQUE,REGULADO,1553.9,1481.58,1255.21,1186.61,1438.38,1432.4,1467.31,1690.51,1745.32,1802.13,1824.19,1690.32,1667.61,1747.78,1914.94,1941.89,1861.7,1783.44,2045.73,2126.56,2134.01,2033.63,1894.68,1763.88,2024-04-30
MercadoComercializacion,SANTANDER,NO REGULADO,130855.56,132802.79,131254.87,130419.92,130047.57,133264.17,138948.1,146222.72,146278.08,149925.99,155597.78,160098.21,162866.27,158777.42,161192.25,161190.85,158831.34,154106.84,153051.6,144340.95,144314.81,138707.15,132544.55,125085.2,2024-04-30
MercadoComercializacion,SANTANDER,REGULADO,246511.45,235664.75,228541.17,225145.78,227308.05,233917.32,245167.96,276233.55,304741.86,321911.52,340627.73,351187.67,338916.73,352747.53,368981.6,365798.82,355965.15,340724.22,358123.63,356165.15,344421.35,327906.36,304408.54,280974.54,2024-04-30
MercadoComercializacion,TOLIMA,NO REGULADO,44199.09,42283.79,38892.5,34792.74,34437.75,32731.06,36473.73,40417.63,43756.09,45945.84,47732.74,45648.47,46632.33,49893.58,52108.92,49795.54,50516.69,53809.15,53932.09,54066.81,51915.55,49153.97,46154.33,44800.26,2024-04-30
MercadoComercializacion,TOLIMA,REGULADO,115308.21,110129.92,107413.78,106236.65,107336.2,113897.75,117304.4,128543.04,138106.07,146479.82,155163.69,161522.81,157731.56,159593.98,167018.06,167689.66,167601.03,161866.13,181763.06,186453.22,179466.86,167115.1,146975.82,131730.31,2024-04-30
MercadoComercializacion,TULUA,NO REGULADO,8403.46,8091.45,8172.66,8183.98,8282.55,8764.01,6101.73,4806.7,4022.2,4325.19,4238.25,4333.64,5085.25,7891.69,7988.59,7508.01,7321.89,8230.85,11030.4,10582.62,9933.57,9530.85,8253.74,8350.25,2024-04-30
MercadoComercializacion,TULUA,REGULADO,14723.18,13572.91,13152.2,12941.26,13228.69,14266.57,16034.8,18014.45,20312.2,22761.99,24841.35,26208.39,25101.75,24288.34,24770.64,24737.96,24228.31,23745.79,23460.16,24153.75,23097.23,21506.38,18870.25,16211.77,2024-04-30
MercadoComercializacion,VALLE DEL CAUCA,NO REGULADO,137896.77,139078.86,141036.73,139606.68,139595.71,138459.55,134824.75,121142.01,112595.15,104429.17,100877.05,108604.63,111413.43,122779.45,137433.77,135091.95,140420.32,139300.02,143069.3,140396.53,136445.34,134037.31,131372.36,132865.84,2024-04-30
MercadoComercializacion,VALLE DEL CAUCA,REGULADO,135230.42,131899.86,128655.51,125367.32,134310.51,139156.22,146286.4,157483.47,172265.21,181292.02,194772.27,204840.76,199576.15,202411.34,201331.75,198824.16,193364.8,189788.11,204005.08,216956.02,208354.53,193832.95,171860.71,149837.14,2024-04-30
MercadoComercializacion,VALLE DEL SIBUNDOY,REGULADO,1079.03,1009.73,982.02,977.8,1035.44,1371.95,2245.47,1734.06,1585.5,1552.42,1547.16,1633.6,1541.66,1519.94,1578.64,1589.38,1662.45,1765.88,2280.61,2404.13,2209.45,1937.84,1564.94,1251.88,2024-04-30
MercadoComercializacion,ANTIOQUIA,NO REGULADO,311417.43,304135.77,304767.76,312097.64,309679.61,306443.03,281279.67,285600.94,281602.6,285995.96,292351.06,300898.51,299448.44,290809.68,295196.49,300917.7,303200.03,297435.01,332360.79,330908.76,326801.12,326970.73,330854.8,323441.81,2024-05-01
MercadoComercializacion,ANTIOQUIA,REGULADO,676721.3,633912.17,612587.7,606704.33,618993.54,640396.85,683737.31,741607.53,810419.25,874020.42,924958.21,989935.36,1031021.21,1014189.03,994222.6,984216.79,964458.03,963569.77,1018260.55,1043251.3,990920.05,912014.36,822969.75,731871.01,2024-05-01
MercadoComercializacion,ARAUCA,NO REGULADO,84256.75,84920.88,85052.78,85151.05,85026.79,84595.52,83979.29,84104.87,84491.14,84581.82,85070.28,84106.58,84550.88,85102.36,84584.4,84840.24,84917.89,85181.2,84516.79,85358.55,85718.81,86128.86,86505.97,85713.76,2024-05-01
MercadoComercializacion,ARAUCA,REGULADO,35905.38,34383.98,33240.99,32449.27,31791.65,30687.0,30167.6,31178.09,33401.94,35647.22,37051.04,38187.5,38272.47,39127.15,39572.67,39156.9,35895.27,33800.82,34461.85,37559.82,39137.68,44476.45,41839.11,38231.57,2024-05-01
MercadoComercializacion,BAJO PUTUMAYO,NO REGULADO,172.44,163.48,159.65,156.93,156.26,169.6,181.33,181.18,188.3,174.32,173.67,184.22,186.22,188.78,210.09,210.73,217.82,212.84,197.94,204.39,208.79,194.79,178.57,168.36,2024-05-01
MercadoComercializacion,BAJO PUTUMAYO,REGULADO,8446.29,7987.38,7597.99,7457.14,7414.79,7612.78,7803.08,8470.94,9192.95,9965.19,10348.52,10751.51,10594.1,10510.33,10908.33,11133.81,11246.34,11130.49,12464.21,12858.5,12249.9,11198.44,9776.02,8263.19,2024-05-01
MercadoComercializacion,BOGOTA - CUNDINAMARCA,NO REGULADO,530420.48,527807.1,511392.37,490230.49,473041.22,451008.64,443476.15,447042.03,451031.39,461179.32,458016.14,468148.31,465739.21,459998.72,463904.57,469715.63,468967.62,471687.7,475738.1,474405.51,470632.12,469723.98,490954.91,515716.72,2024-05-01
MercadoComercializacion,BOGOTA - CUNDINAMARCA,REGULADO,975184.26,900265.67,869128.85,861146.21,880970.79,902465.33,951224.47,1103619.01,1231556.66,1328783.71,1402094.75,1465917.12,1488827.48,1460227.68,1414968.97,1375625.54,1344710.51,1350073.54,1506620.24,1546798.68,1488603.43,1350810.82,1170687.3,1019806.16,2024-05-01
MercadoComercializacion,BOYACA,NO REGULADO,296529.5,310565.37,306858.76,315087.72,314851.23,307419.56,297365.48,293626.97,293430.45,294187.31,296012.13,287722.05,295873.24,292385.58,293875.66,277980.48,284158.08,289052.37,310884.12,328139.28,329342.21,323167.69,322886.87,294456.6,2024-05-01
MercadoComercializacion,BOYACA,REGULADO,76212.76,70927.45,70671.82,69733.82,69973.08,78205.9,93913.39,105264.35,116736.07,124010.58,124950.63,129973.43,126256.18,122840.31,117367.01,119578.89,116708.58,118125.5,126941.58,129843.27,121376.65,108031.4,92553.86,81943.21,2024-05-01
MercadoComercializacion,CALDAS,NO REGULADO,67736.38,68984.82,72044.84,72492.47,72864.88,71646.04,69566.43,70664.88,72629.78,69417.4,65295.77,69656.62,74068.14,73677.32,68269.21,70893.89,70616.37,71625.92,70821.27,72517.07,78908.47,76436.82,67753.34,73787.32,2024-05-01
MercadoComercializacion,CALDAS,REGULADO,92834.7,87116.19,83721.72,81838.97,83579.52,87081.51,91323.18,103348.07,115691.09,125860.3,135713.39,145421.13,147244.17,142941.38,139275.5,137033.82,134711.17,135312.98,154072.34,160462.98,151705.42,137668.66,120167.6,100652.29,2024-05-01
MercadoComercializacion,CALI - YUMBO - PUERTO TEJADA,NO REGULADO,158659.24,162787.12,162618.55,163577.39,160393.88,159041.82,133522.43,127022.86,124853.28,129718.09,140716.08,145644.81,124669.84,138923.6,145982.3,148765.11,148982.55,150644.6,175419.67,172719.32,165278.64,163309.22,163966.02,163823.05,2024-05-01
MercadoComercializacion,CALI - YUMBO - PUERTO TEJADA,REGULADO,229795.34,215602.12,206579.13,200596.92,198464.86,198584.35,217729.05,239384.33,267507.88,290654.45,307388.19,332284.13,343662.24,339429.84,341978.57,339124.95,336684.41,337070.63,340826.22,349896.24,343117.36,327010.91,300414.36,266809.92,2024-05-01
MercadoComercializacion,CAQUETA,NO REGULADO,484.69,598.01,603.91,588.84,579.38,610.94,617.03,628.67,670.44,725.99,962.03,1307.12,1308.03,1284.5,1327.01,1283.31,1351.67,1330.09,1331.76,1305.01,971.37,798.29,760.17,711.04,2024-05-01
MercadoComercializacion,CAQUETA,REGULADO,25406.58,30380.12,28169.39,27289.26,26903.94,27869.62,28133.77,30579.78,33810.31,36412.62,38878.09,42023.4,42904.44,42073.28,41719.39,40485.16,39472.61,38816.51,43454.78,44878.26,43011.83,40008.03,36343.18,31864.58,2024-05-01
MercadoComercializacion,CARIBE MAR,NO REGULADO,370663.47,382968.25,384075.82,374150.66,384490.93,379188.83,330211.31,331973.24,352378.78,362477.97,364745.48,361756.45,365078.52,368786.79,361254.36,341241.01,350982.48,371176.33,398201.14,381436.26,378983.55,369797.92,363696.42,342435.85,2024-05-01
MercadoComercializacion,CARIBE MAR,REGULADO,1111448.35,1064504.37,1023588.84,995769.35,963360.68,910461.38,866938.98,853371.68,859631.3,889526.63,914358.08,972611.55,1007996.11,1049942.07,1082241.66,1068771.66,1018154.46,973943.76,1021266.47,1101552.96,1149291.54,1200365.19,1194508.9,1150809.06,2024-05-01
MercadoComercializacion,CARIBE SOL,NO REGULADO,196904.5,200068.71,200345.03,196268.92,191518.53,184966.56,170215.58,174619.16,180719.93,185700.89,189834.44,195598.49,197656.35,194658.56,195931.47,197006.26,193837.57,193309.6,213132.1,209976.42,203014.32,183682.65,182371.86,177805.23,2024-05-01
MercadoComercializacion,CARIBE SOL,REGULADO,1113248.2,1072073.3,1032394.72,1003920.29,972843.26,912118.11,877314.88,880038.06,896111.28,928304.19,954187.37,995716.96,1018083.35,1044688.49,1069222.96,1063300.06,1022994.41,983898.25,1015337.42,1081496.26,1126540.69,1178801.22,1187221.83,1148683.25,2024-05-01
MercadoComercializacion,CARTAGO,NO REGULADO,6000.15,6061.8,5990.63,6304.08,5362.18,3997.6,3824.92,3932.69,4252.91,4384.12,4574.46,4756.94,4426.64,4625.52,3830.59,4056.27,4696.56,4652.19,4851.69,4931.7,4946.01,5129.59,5909.59,6739.59,2024-05-01
MercadoComercializacion,CARTAGO,REGULADO,14295.85,13612.89,12961.33,12747.79,12414.22,12060.18,11841.77,12755.82,13177.58,13873.82,14739.7,16793.51,17357.29,17226.92,16943.06,17764.21,18658.69,18507.98,20270.88,20914.67,20393.54,19412.74,18325.68,16639.95,2024-05-01
MercadoComercializacion,CASANARE,NO REGULADO,7697.86,8147.27,7974.08,7515.58,6810.59,5858.67,5728.75,4438.6,4519.19,4685.19,5120.3,5174.42,4864.81,5229.2,5538.37,6106.38,6000.1,5589.76,5896.6,6268.88,6280.78,5149.49,4817.13,5256.45,2024-05-01
MercadoComercializacion,CASANARE,REGULADO,61522.26,58654.44,56271.78,54693.18,53526.77,51119.08,48991.74,51611.08,55071.47,57898.68,59829.55,64335.56,65609.1,66074.62,67945.73,68372.83,67393.93,66607.23,73313.42,73755.48,72565.74,69579.26,65353.47,60951.94,2024-05-01
MercadoComercializacion,CAUCA,NO REGULADO,32187.72,32606.08,32676.89,32829.54,33380.73,34016.47,30905.59,30443.69,28130.1,25702.77,25569.26,25632.36,24818.7,25534.15,25719.97,27772.29,30981.05,32578.52,35637.09,35057.56,33506.47,33010.05,35088.76,36193.4,2024-05-01
MercadoComercializacion,CAUCA,REGULADO,59311.23,57498.86,54477.18,54787.19,58357.92,65860.08,70117.0,73314.47,78933.05,82064.5,85300.32,92580.7,92228.42,90549.38,89837.12,91313.52,93333.78,95207.3,107267.36,111237.39,102163.05,89509.54,76041.89,63901.4,2024-05-01
MercadoComercializacion,CHOCO,NO REGULADO,2453.21,2431.98,2423.08,2486.97,2488.08,2437.23,2354.39,2340.7,2307.35,2488.96,2567.53,2706.16,2557.2,2409.28,2304.55,2218.27,2108.0,2295.99,2472.62,2207.56,2248.67,2183.95,2155.13,2156.13,2024-05-01
MercadoComercializacion,CHOCO,REGULADO,27143.62,25577.63,24623.18,24054.15,23837.84,24214.22,24294.02,26319.12,29394.2,31823.39,33077.55,34609.4,35648.3,35103.4,33737.0,32856.49,32206.44,32668.23,35166.13,37136.74,36663.57,33719.18,30857.6,28762.85,2024-05-01
MercadoComercializacion,GUAVIARE,REGULADO,8424.3,8102.6,7880.4,7727.29,7648.25,7580.09,7595.95,8275.42,8845.65,9252.11,9806.05,10626.06,11153.39,11345.77,11569.04,11635.64,11450.91,11106.09,11984.06,12127.37,11880.03,11324.45,10423.08,9534.12,2024-05-01
MercadoComercializacion,HUILA,NO REGULADO,39048.4,39007.56,39491.95,39268.73,39295.6,35863.11,33702.08,32884.48,27576.71,18758.22,19841.41,21198.95,18788.81,22844.5,26015.79,30872.54,31469.36,37894.72,41690.55,41314.45,40520.97,40036.35,40037.06,40457.35,2024-05-01
MercadoComercializacion,HUILA,REGULADO,100676.65,93606.79,89604.24,87036.71,85865.89,88408.22,88796.47,94517.4,99271.34,105084.34,111916.12,119666.85,119349.25,119371.58,120471.41,123328.55,125349.74,129715.45,142467.21,143416.71,137337.49,128848.47,115392.15,104458.08,2024-05-01
MercadoComercializacion,META,NO REGULADO,195868.63,196989.12,198131.81,197907.81,197349.66,195584.4,179035.36,170090.34,167209.01,159193.68,151718.81,144203.35,151118.75,145134.91,147938.31,164294.33,178802.03,191216.05,202498.82,201380.72,200639.74,199645.38,199244.49,197551.55,2024-05-01
MercadoComercializacion,META,REGULADO,116213.69,111335.97,107347.32,105042.87,103665.86,98833.46,103843.3,112661.82,121947.44,131393.03,141532.66,149904.02,153990.07,150518.76,149977.57,148794.85,147215.54,149058.66,156268.01,160078.73,157175.83,150115.34,137923.78,123756.45,2024-05-01
MercadoComercializacion,NARIÑO,NO REGULADO,10350.39,10324.96,10193.12,10228.4,10202.97,10160.86,2520.12,2906.2,3027.85,3288.0,3379.95,3512.86,3544.3,3608.27,3550.97,3676.74,3664.01,3573.95,11302.55,11356.56,11171.07,10716.97,10441.16,10416.88,2024-05-01
MercadoComercializacion,NARIÑO,REGULADO,62340.39,57756.76,55413.34,55298.66,58009.15,64833.34,76019.76,88277.43,97888.38,79518.24,135581.07,115424.39,114824.89,109701.06,107160.68,106811.28,104837.79,105435.94,115299.37,122934.02,113696.86,100156.32,82903.72,68503.01,2024-05-01
MercadoComercializacion,NORTE DE SANTANDER,NO REGULADO,51712.19,50435.42,50216.04,50509.14,48515.6,47826.71,43042.72,43560.75,42616.71,44238.66,44694.68,46410.33,43460.37,42678.77,42716.18,43826.86,46410.27,38792.43,42221.4,41332.36,47264.02,50483.15,48003.13,36093.54,2024-05-01
MercadoComercializacion,NORTE DE SANTANDER,REGULADO,183235.43,175779.77,169867.91,166636.74,164723.11,160367.57,164255.7,175439.98,186600.46,195009.5,201361.08,204398.79,205625.89,208837.95,213674.44,210647.11,203511.62,205852.38,223198.78,229422.57,227324.18,223134.94,215490.85,206138.81,2024-05-01
MercadoComercializacion,PEREIRA,NO REGULADO,21192.85,20931.97,20723.43,20702.04,20341.37,20003.03,14617.63,15283.21,15234.46,16026.73,17775.45,18492.34,18008.69,17718.13,17864.46,18081.2,18139.12,18322.09,23325.56,22302.42,21937.12,21163.18,21311.46,20812.92,2024-05-01
MercadoComercializacion,PEREIRA,REGULADO,43533.21,40031.68,38358.22,37585.36,37785.54,37924.27,41923.73,46182.28,51514.86,56601.6,60993.89,66385.6,68899.49,67083.17,65532.08,64531.07,64246.51,65134.76,69372.76,72859.39,70924.82,65748.46,58248.69,49993.31,2024-05-01
MercadoComercializacion,POPAYAN - PURACE,NO REGULADO,85.17,84.35,84.41,84.53,82.3,84.35,76.02,74.9,75.92,85.57,87.18,90.61,87.64,85.64,85.72,85.85,85.82,80.47,95.94,103.34,94.07,89.0,87.07,84.99,2024-05-01
MercadoComercializacion,POPAYAN - PURACE,REGULADO,686.09,521.71,483.63,449.76,339.52,127.5,425.7,620.74,572.98,521.8,515.91,516.61,1062.94,533.46,524.75,219.84,271.72,430.16,764.8,763.34,676.05,616.22,101.83,504.28,2024-05-01
MercadoComercializacion,PUTUMAYO,NO REGULADO,4621.99,3525.12,4531.15,4890.81,4863.62,4858.78,4867.18,4777.68,4898.35,4694.77,4051.23,4498.86,4677.33,4785.97,4790.46,4681.6,4722.63,4797.37,4819.03,4894.36,4898.61,4855.3,3857.12,3726.65,2024-05-01
MercadoComercializacion,PUTUMAYO,REGULADO,7659.37,7179.12,6831.99,6687.07,6695.2,6864.1,6940.18,7525.2,8416.41,9111.06,9126.39,9713.88,9597.29,9330.69,9506.58,9806.53,9928.61,10028.42,11791.22,12544.96,11951.06,10885.32,9320.53,7811.18,2024-05-01
MercadoComercializacion,QUINDIO,NO REGULADO,5603.6,5442.94,5755.54,5592.3,5447.85,5346.28,5272.25,5905.26,5874.0,6621.82,6617.58,6844.25,6765.9,7110.93,7198.36,7386.34,7078.26,6448.83,6234.44,6253.28,6502.35,5998.59,6346.04,6336.79,2024-05-01
MercadoComercializacion,QUINDIO,REGULADO,40410.0,37485.04,35953.6,35527.09,36132.89,37086.02,37767.22,42899.91,48935.89,54180.23,58038.84,62408.45,63956.79,62253.41,60800.03,59873.57,59459.15,60333.54,68825.19,71367.07,68961.03,63761.65,55556.57,47152.46,2024-05-01
MercadoComercializacion,RUITOQUE,NO REGULADO,83.9,83.01,81.17,73.87,75.11,74.26,77.44,87.19,119.12,146.56,146.25,122.77,130.91,134.86,125.39,141.44,141.95,136.62,130.61,107.12,102.59,95.05,88.61,82.55,2024-05-01
MercadoComercializacion,RUITOQUE,REGULADO,1623.5,1431.55,1246.57,1456.38,1276.76,1163.97,1278.72,1260.86,1210.65,1337.29,1376.55,1394.09,1484.7,1475.26,1405.83,1523.77,1663.47,1702.55,2025.84,2127.48,2133.37,2116.01,1988.97,1832.13,2024-05-01
MercadoComercializacion,SANTANDER,NO REGULADO,122960.57,123752.58,122483.7,119746.82,118626.88,118694.97,117007.98,122724.17,125479.47,127810.76,126223.87,128922.93,129866.91,130319.02,131016.31,132462.66,131992.76,128538.12,130154.11,127465.38,124920.08,120631.0,119991.93,118252.35,2024-05-01
MercadoComercializacion,SANTANDER,REGULADO,261523.14,249917.18,239273.09,233700.23,231503.67,227333.89,227981.15,245713.24,266115.27,279801.28,287879.47,304809.83,314333.29,316782.31,316608.79,316850.73,312380.86,311937.56,344393.82,353103.72,350547.79,338230.62,316689.8,292031.29,2024-05-01
MercadoComercializacion,TOLIMA,NO REGULADO,42467.0,37318.3,37925.0,36703.7,32618.81,22837.93,20949.89,27412.4,28213.29,28326.85,25857.66,27669.52,31039.52,32808.13,33346.27,38183.79,33620.5,32057.63,36680.76,41945.53,43362.02,43304.8,37506.85,36296.15,2024-05-01
MercadoComercializacion,TOLIMA,REGULADO,119759.98,115197.95,111161.04,107100.73,106534.07,105740.76,102333.69,108275.98,114912.77,122105.22,127366.83,133766.34,138299.41,139482.64,139394.41,139636.7,141441.55,145030.5,167970.54,173943.63,166893.06,157956.42,142719.34,127226.88,2024-05-01
MercadoComercializacion,TULUA,NO REGULADO,8025.41,7780.77,7676.44,7396.75,7172.79,7504.33,5461.71,3884.62,3228.18,3110.57,2955.04,2974.07,2996.68,2974.07,2943.5,2896.4,4267.74,6807.9,9600.92,9344.36,8680.89,8207.99,7645.84,7638.05,2024-05-01
MercadoComercializacion,TULUA,REGULADO,14149.21,13058.67,12544.0,12366.79,12414.04,12198.47,13483.58,14953.6,16572.12,18682.86,19970.81,21251.53,21851.23,21574.01,21239.72,21456.93,21443.95,21945.16,23235.12,23275.23,22748.2,20081.41,17989.32,15795.53,2024-05-01
MercadoComercializacion,VALLE DEL CAUCA,NO REGULADO,133121.91,127658.61,125229.29,125465.88,124362.06,121665.24,115040.21,105144.0,99939.25,93046.79,90358.97,89502.52,88635.73,92427.6,90859.71,101142.59,119846.78,125211.98,130290.44,128877.68,131628.49,130262.35,132525.59,133367.53,2024-05-01
MercadoComercializacion,VALLE DEL CAUCA,REGULADO,138444.1,130243.23,125936.26,125822.93,126161.56,127966.48,125318.64,136954.96,152311.42,165712.9,177281.26,186816.26,188870.62,192804.11,189313.93,190261.94,188813.34,188779.64,211656.62,219957.01,214081.76,201550.67,180919.21,159410.45,2024-05-01
MercadoComercializacion,VALLE DEL SIBUNDOY,REGULADO,1078.01,1002.14,972.71,968.1,1001.72,1140.48,1242.15,1410.57,1553.82,1653.03,1698.09,1772.88,1680.89,1623.53,1679.91,1698.57,1704.36,1780.48,2281.87,2376.32,2178.3,1837.87,1468.41,1183.19,2024-05-01
MercadoComercializacion,ANTIOQUIA,REGULADO,596562.34,599494.39,593484.04,583878.33,585914.28,587676.66,588877.75,576542.49,547787.15,562596.07,565470.88,582648.71,595337.36,622523.77,655075.09,660744.49,670963.28,675424.93,669797.51,673326.23,672473.25,669736.05,676347.46,661102.89,2024-05-02
MercadoComercializacion,ARAUCA,REGULADO,10574.0,11316.0,12144.0,12834.0,5141.0,8642.0,12299.0,12644.0,12127.0,12041.0,12282.0,9401.0,10609.0,10523.0,11195.0,8798.0,7556.0,7314.0,9574.0,12299.0,12195.0,12627.0,12579.0,724.0,2024-05-02
MercadoComercializacion,BAJO PUTUMAYO,REGULADO,3055.45,3070.99,3047.13,3063.71,3043.6,3054.62,3038.21,2991.63,3028.97,2941.31,2882.79,2834.97,2872.97,840.23,1330.82,1741.09,2098.53,2539.14,2683.16,2721.76,2840.49,2875.11,2905.22,2948.35,2024-05-02
MercadoComercializacion,BOGOTA - CUNDINAMARCA,REGULADO,189741.91,189587.54,189566.81,189871.95,216449.24,234644.46,242263.67,245425.03,210061.35,205607.62,221615.19,221292.87,219141.83,222531.88,216568.32,222135.88,224705.2,220502.5,222638.03,230775.47,227866.12,194683.35,191610.48,192233.1,2024-05-02
MercadoComercializacion,BOYACA,REGULADO,4748.41,5627.24,5924.57,5536.15,6038.93,6193.89,5972.7,5818.14,5678.01,5675.3,5461.53,5594.12,5561.04,5289.39,6010.72,8576.62,8290.19,8280.42,8514.33,8519.79,8174.35,7944.29,8136.11,5485.0,2024-05-02
MercadoComercializacion,CALDAS,REGULADO,72593.01,73063.46,73916.49,77380.58,84558.95,87041.78,118141.24,197210.77,209949.16,204765.99,123684.1,111575.77,116963.35,133056.12,127885.53,99197.89,100080.11,80933.09,142767.15,176849.69,173109.83,171190.06,170317.34,161645.56,2024-05-02
MercadoComercializacion,CALI - YUMBO - PUERTO TEJADA,REGULADO,984.6,967.68,960.48,969.72,1138.68,1244.83,1347.08,1298.98,1501.44,1763.18,1792.36,1869.05,1851.8,1838.23,1621.7,1559.58,1368.46,1351.58,1349.29,1199.7,987.66,971.1,968.76,964.26,2024-05-02
MercadoComercializacion,CARIBE MAR,REGULADO,6694.77,6300.33,6135.63,6054.96,3647.85,4858.16,18195.12,55483.04,121633.53,214166.72,311855.98,399210.15,401432.2,352761.16,332225.71,242289.04,174844.44,84016.09,47994.14,48770.22,46514.83,46338.59,48925.2,29900.31,2024-05-02
MercadoComercializacion,CARIBE SOL,NO REGULADO,7006.12,3488.85,831.43,974.05,4678.16,7199.76,7517.4,1885.32,1468.42,8323.38,7375.54,17398.19,22600.62,26099.62,26824.48,26829.01,26927.96,13078.99,35.36,342.6,,4962.55,11157.19,7133.88,2024-05-02
MercadoComercializacion,CARIBE SOL,REGULADO,130543.71,130667.92,84517.58,62794.82,63162.76,63953.26,70582.98,109821.35,152333.47,158636.61,183987.38,205725.61,166139.02,182689.72,200131.01,187058.16,137042.42,83848.25,38693.76,92821.41,94032.81,97027.05,100635.74,100771.18,2024-05-02
MercadoComercializacion,CASANARE,REGULADO,148925.11,149089.28,148889.07,148556.52,149000.43,149127.2,149157.3,148770.22,148222.61,147206.39,146555.84,144796.63,143757.45,143632.33,143256.45,143549.67,143238.15,144599.55,145389.01,146899.6,147629.39,148139.38,147586.43,147598.99,2024-05-02
MercadoComercializacion,CAUCA,REGULADO,17703.94,17459.17,17459.69,17483.07,18944.61,26754.18,26670.05,26700.25,26829.55,26965.56,26651.27,26636.34,25729.55,25416.49,25484.91,25460.56,35103.75,35223.93,34813.72,33724.47,27849.22,27438.98,27781.01,27953.81,2024-05-02
MercadoComercializacion,HUILA,REGULADO,1857.89,1872.16,1878.73,1878.48,1879.09,1878.57,1878.78,1879.27,1880.01,2900.57,2913.03,3237.67,3245.94,2752.73,3051.97,1880.52,1878.82,1878.01,1876.66,1876.9,1877.49,1876.77,1876.07,1875.37,2024-05-02
MercadoComercializacion,META,REGULADO,,,,,,,7987.8,28680.92,76277.95,99096.62,103129.85,119878.24,91432.89,54558.74,49228.75,93700.68,80559.49,10760.63,,,,,14.3,180.26,2024-05-02
MercadoComercializacion,NARIÑO,REGULADO,7779.54,2058.44,2225.97,1949.88,870.89,,926.85,7354.4,7911.92,12738.7,12694.19,12481.72,12792.38,3290.6,2706.18,1865.46,,,4479.33,5671.79,5671.19,,,,2024-05-02
MercadoComercializacion,NORTE DE SANTANDER,REGULADO,,,,,,,1482.74,6244.15,13441.4,30496.87,70113.12,69172.47,68665.58,52008.5,53331.29,65878.02,33015.92,8080.72,,,,,,,2024-05-02
MercadoComercializacion,PEREIRA,REGULADO,4260.14,4258.33,4256.17,4252.82,4252.28,4255.05,4450.51,4565.44,5172.21,5773.86,6695.24,6162.39,6661.29,6557.02,6776.04,6457.06,6297.13,5797.11,6000.65,5928.87,5927.07,5927.74,6025.55,6027.57,2024-05-02
MercadoComercializacion,POPAYAN - PURACE,REGULADO,2510.0,2597.0,2638.0,2669.0,2722.0,2536.0,2546.0,2601.0,2652.0,2687.0,2717.0,2738.0,775.0,168.0,171.0,236.0,2859.0,3067.0,2901.0,3028.0,3481.0,4160.0,4402.0,2546.0,2024-05-02
MercadoComercializacion,QUINDIO,REGULADO,1546.05,1545.06,1543.74,1542.09,1546.38,1546.05,1534.5,1160.63,1310.05,1556.53,1553.85,1544.34,1548.85,1539.33,1247.07,1334.85,1547.7,1546.38,1546.71,1541.76,1536.15,1528.89,1529.55,1529.55,2024-05-02
MercadoComercializacion,SANTANDER,REGULADO,49415.25,49432.75,49458.72,49481.7,47905.3,47146.26,47122.34,47000.81,46868.54,47054.16,47323.91,50108.72,50167.61,50167.81,50135.15,50127.86,50202.58,50335.07,50360.21,50357.84,50329.67,50235.75,50190.05,50247.14,2024-05-02
MercadoComercializacion,TOLIMA,REGULADO,145038.34,143039.44,140961.94,140503.09,139412.83,137916.53,146215.99,172734.76,192372.88,206398.96,226412.08,239749.72,230987.86,229642.89,210813.04,177001.1,158455.62,133895.29,127518.93,127075.6,125652.72,126142.37,125867.51,126889.33,2024-05-02
MercadoComercializacion,TULUA,REGULADO,7175.53,7613.78,7178.4,6298.47,6314.95,6029.36,6585.92,7739.54,7522.71,10161.48,13574.65,13496.9,9584.35,10555.82,8498.0,7233.26,9208.14,8446.39,7562.29,6770.57,9177.95,9137.19,8101.31,8176.74,2024-05-02
MercadoComercializacion,VALLE DEL CAUCA,REGULADO,221096.61,222436.4,220843.36,225033.35,222218.97,220687.39,242115.81,233336.39,286117.34,274678.41,266584.73,292261.32,274513.8,281556.99,261521.03,250333.54,250197.82,245996.14,242263.53,244596.33,245499.49,244662.42,244081.65,232546.67,2024-05-02
MercadoComercializacion,VALLE DEL SIBUNDOY,REGULADO,371.98,371.45,366.76,368.35,368.35,368.61,370.26,368.54,371.65,375.28,375.87,378.25,376.27,377.65,376.6,374.09,372.11,371.58,370.0,372.11,371.58,368.74,368.41,368.28,2024-05-02
MercadoComercializacion,ANTIOQUIA,REGULADO,447491.47,346773.96,326621.98,301891.53,325754.16,335263.44,336002.22,339479.65,339837.34,338677.43,346717.59,350954.77,343447.99,344387.27,342157.96,337137.04,328066.47,333626.05,325563.19,298300.35,288730.37,288691.73,259443.05,299508.68,2024-05-03
MercadoComercializacion,ARAUCA,REGULADO,7574.0,11319.0,12182.0,12975.0,13650.0,13634.0,13650.0,13499.0,13156.0,13001.0,12847.0,12918.0,13120.0,13035.0,12210.0,10657.0,11142.0,11882.0,12090.0,11915.0,11215.0,9630.0,12012.0,11906.0,2024-05-03
MercadoComercializacion,BAJO PUTUMAYO,REGULADO,2991.23,3015.16,3019.37,3010.64,3031.23,3020.27,3019.28,2870.54,2868.17,1761.46,408.13,500.96,545.54,545.45,522.65,583.65,1623.79,2633.41,2549.79,2618.08,2673.14,2609.81,2152.61,2335.22,2024-05-03
MercadoComercializacion,BOGOTA - CUNDINAMARCA,REGULADO,178408.87,158064.27,164821.63,184321.85,191022.88,204139.86,211346.94,219587.07,223223.99,221914.04,224066.2,235948.29,257012.17,259478.5,264120.76,262070.14,274534.66,272599.67,270475.06,271081.83,270609.74,243741.92,243290.89,243652.31,2024-05-03
MercadoComercializacion,BOYACA,REGULADO,6050.86,5924.27,5943.92,5966.41,5920.8,5879.38,6099.37,6292.68,6791.31,7143.46,7124.96,6807.37,6998.78,7315.74,7895.53,8026.37,9630.44,9574.51,9949.46,14550.29,15055.43,15142.33,15409.06,14354.39,2024-05-03
MercadoComercializacion,CALDAS,REGULADO,75924.44,75287.55,74994.43,75311.79,75336.69,75259.18,112404.76,180444.99,213169.0,215654.28,234836.74,192604.5,145989.65,146398.67,124623.98,108197.88,86654.64,81582.21,161726.93,164176.77,173164.27,168747.36,78511.93,71233.8,2024-05-03
MercadoComercializacion,CALI - YUMBO - PUERTO TEJADA,REGULADO,863.82,857.52,979.8,852.12,849.42,845.82,856.45,1021.51,1259.68,1359.82,1417.67,1424.38,1377.64,1461.17,1498.84,1394.34,1352.09,1349.56,1347.5,1261.26,1170.54,1163.7,1161.72,1102.5,2024-05-03
MercadoComercializacion,CARIBE MAR,REGULADO,6410.13,6669.45,5892.01,3664.82,3584.0,6582.65,57657.08,138278.63,160177.98,246238.95,301375.02,375156.17,334192.68,323018.74,278486.13,250408.36,208635.0,101531.7,48039.38,44893.21,45254.06,46640.29,46675.5,44321.51,2024-05-03
MercadoComercializacion,CARIBE SOL,NO REGULADO,4555.25,1521.35,138.02,,,,,,,155.68,1274.88,1654.17,2336.89,6050.92,1584.59,,225.41,,1232.08,1622.86,1309.84,,,1168.53,2024-05-03
MercadoComercializacion,CARIBE SOL,REGULADO,100793.5,100706.25,101334.89,101451.76,101056.22,84997.51,80123.59,115769.24,140821.34,160962.76,183164.17,210176.62,179894.34,165835.03,162368.17,158121.56,133837.34,104761.78,94113.56,99678.62,100139.7,100510.27,100382.59,100661.45,2024-05-03
MercadoComercializacion,CASANARE,REGULADO,147198.1,147997.72,148686.37,148624.88,149229.57,149562.29,149082.79,148726.14,147835.29,144331.57,142632.39,144169.23,144001.43,143531.29,144475.92,145449.87,145957.81,146344.06,147071.56,147679.08,148065.2,148757.11,148936.61,149073.03,2024-05-03
MercadoComercializacion,CAUCA,REGULADO,17222.21,17165.03,17353.69,17301.85,20508.46,27816.54,27291.69,26389.45,26271.75,26377.89,24423.42,24339.75,24632.0,24252.95,24469.3,24597.96,36655.23,35455.57,34973.87,34936.06,36201.34,35572.13,35077.05,34820.08,2024-05-03
MercadoComercializacion,HUILA,REGULADO,1875.61,1875.55,1486.24,1566.67,1872.82,1872.43,1878.39,1881.72,1882.59,1890.14,1902.5,1957.48,1973.3,1957.55,1941.01,1927.66,1891.82,1873.43,1872.91,1871.55,1872.63,1871.66,1870.04,1870.2,2024-05-03
MercadoComercializacion,META,REGULADO,,,13.53,,,249.04,6747.11,21723.62,46402.62,92750.09,99771.95,82968.13,83504.84,82913.77,74904.16,107527.48,76143.63,14642.27,,,,,,,2024-05-03
MercadoComercializacion,NARIÑO,REGULADO,1937.85,4568.6,4653.45,4392.22,8515.34,9726.42,12319.47,11555.93,12008.38,15495.12,12607.02,14088.9,2032.53,472.71,,,,,5291.48,5637.75,5637.87,,8600.09,10139.22,2024-05-03
MercadoComercializacion,NORTE DE SANTANDER,REGULADO,,,,,,49.44,8610.95,36766.56,76960.01,77053.8,94548.67,93965.89,92228.27,69743.94,50721.55,57689.64,32496.46,3216.56,,,,,,,2024-05-03
MercadoComercializacion,PEREIRA,REGULADO,6024.23,6025.27,6027.91,6029.0,6035.75,6020.4,6100.08,6411.79,6722.25,7345.26,7491.46,8210.04,9204.96,9886.8,6399.82,438.01,374.44,40.18,,,2205.79,2769.25,2775.05,2774.63,2024-05-03
MercadoComercializacion,POPAYAN - PURACE,REGULADO,3515.0,3123.0,2967.0,2796.0,2380.0,2387.0,1762.0,609.0,342.0,603.0,747.0,733.0,587.0,2214.0,4226.0,4398.0,4679.0,4787.0,4631.0,4610.0,4369.0,3783.0,3900.0,4196.0,2024-05-03
MercadoComercializacion,PUTUMAYO,REGULADO,1.95,5.85,0.15,,,,0.6,,,3.45,1.65,2.25,,,,,,,,,,,,,2024-05-03
MercadoComercializacion,QUINDIO,REGULADO,1531.53,1532.52,1534.17,1535.16,1536.81,1535.16,1536.48,1537.14,1536.81,1540.14,1544.38,1556.27,1551.92,1545.46,1545.06,1540.11,1542.42,1542.42,1518.0,1521.3,1542.42,1543.41,1131.9,1549.68,2024-05-03
MercadoComercializacion,SANTANDER,REGULADO,50195.55,50216.76,50199.02,50177.58,50271.42,50309.26,50290.58,47556.43,50308.09,50373.52,50383.82,50389.29,50351.84,50291.16,50267.36,50262.07,49772.28,49224.29,49263.87,48377.04,45476.31,47872.97,49476.84,50180.87,2024-05-03
MercadoComercializacion,TOLIMA,REGULADO,125825.57,124911.26,124671.11,123949.87,123460.19,122942.83,124921.89,129944.21,143666.1,171743.1,171424.97,191841.65,215977.41,223973.87,220493.56,203786.32,159860.49,137923.54,131639.24,130131.4,129693.92,121171.57,126761.38,121245.55,2024-05-03
MercadoComercializacion,TULUA,REGULADO,7842.29,6614.82,7123.06,7351.72,7949.33,7901.1,5729.3,5110.77,5217.95,7120.93,9304.04,11979.46,15653.93,16621.75,17090.29,14070.4,10171.16,12156.11,12202.11,11190.5,10754.64,10777.05,11596.84,11537.29,2024-05-03
MercadoComercializacion,VALLE DEL CAUCA,REGULADO,281105.69,328900.42,351406.72,396383.42,445158.12,463614.94,464505.71,465602.86,472505.15,471328.53,478528.87,489210.85,502298.96,500758.16,477735.31,473543.45,452933.75,450131.25,425739.81,456935.76,465918.19,473341.87,474183.2,465898.99,2024-05-03
MercadoComercializacion,VALLE DEL SIBUNDOY,REGULADO,364.98,365.05,363.33,359.77,361.28,363.66,358.71,358.84,340.3,315.61,228.49,209.88,210.08,210.94,211.0,210.94,210.61,211.6,211.53,211.79,211.93,212.12,212.26,212.59,2024-05-03
