Id,Values_Name,Values_code,Values_Hour01,Values_Hour02,Values_Hour03,Values_Hour04,Values_Hour05,Values_Hour06,Values_Hour07,Values_Hour08,Values_Hour09,Values_Hour10,Values_Hour11,Values_Hour12,Values_Hour13,Values_Hour14,Values_Hour15,Values_Hour16,Values_Hour17,Values_Hour18,Values_Hour19,Values_Hour20,Values_Hour21,Values_Hour22,Values_Hour23,Values_Hour24,Date
RecursoComb,2S6S,CARBON,,,,,,,,,,,,,,,,,,,,0.06362,,,,,2024-04-29
RecursoComb,2S8G,CARBON,,,,3e-05,,,3e-05,0.00044,,4e-05,0.04456,0.02419,0.00502,,,,,,,,,,,,2024-04-29
RecursoComb,2S8I,GAS,2.67736,2.57304,3.338,3.44232,3.12938,2.78167,2.85121,2.81644,2.60781,1.35606,1.0779,1.77331,2.12102,2.19056,2.01671,1.52992,0.93881,1.80808,2.36442,2.29488,2.5035,2.67736,2.60781,2.46873,2024-04-29
RecursoComb,2U5P,CARBON,0.06611,0.06611,0.06611,0.06611,0.06595,0.06611,0.06595,0.06611,0.10227,0.06511,,,,,,,,,,,,,,,2024-04-29
RecursoComb,2U8Y,GAS,7.28949,7.28998,7.29007,7.29055,7.29047,7.29043,7.29071,7.37468,7.38151,7.38143,7.38025,7.3775,7.37207,7.35921,7.36751,7.37606,7.37731,7.37658,7.37833,7.3789,7.38017,7.38142,7.38386,7.38345,2024-04-29
RecursoComb,2U91,GAS,7.20786,7.20889,7.20959,7.20974,7.20919,7.21045,7.21222,7.25166,7.25334,7.2538,7.25151,7.24766,7.24242,7.23216,7.23741,7.24599,7.24752,7.25098,7.24766,7.24948,7.25146,7.25222,7.25272,7.25328,2024-04-29
RecursoComb,2U93,GAS,7.21056,7.21135,7.21175,7.2139,7.21981,7.22258,7.22378,7.26396,7.26823,7.2677,7.26561,7.26007,7.24996,7.24068,7.24519,7.25855,7.26301,7.23107,7.21126,7.21167,7.23004,7.25584,7.25924,7.25731,2024-04-29
RecursoComb,2V25,CARBON,7.13913,7.91023,8.17048,8.27168,8.47731,8.47892,8.76166,8.76969,8.59137,8.71346,8.70061,8.79539,8.75844,8.3504,8.46285,7.17447,8.58013,8.66366,8.6235,8.62511,8.56567,8.60904,8.74238,8.7729,2024-04-29
RecursoComb,2V27,GAS,,,,,,,,,,,,,,,,,,0.00011,0.00028,0.00034,0.00593,0.00442,0.00129,0.00252,2024-04-29
RecursoComb,2WFN,GAS,2.92798,2.91901,2.9164,2.92686,2.91565,2.92462,2.9235,2.91004,2.91117,2.9093,2.91191,2.90108,2.92686,2.92686,2.91565,2.92873,2.91976,2.94256,2.9078,2.92088,2.91303,2.922,2.91752,2.92126,2024-04-29
RecursoComb,2XXR,GAS,0.02765,0.02759,0.02775,0.0277,0.02786,0.0279,0.03014,0.0339,0.03388,0.03388,0.0338,0.0334,0.02923,0.02334,0.0273,0.02613,0.02679,0.02538,0.02419,0.02397,0.02394,0.02519,0.02674,0.02692,2024-04-29
RecursoComb,2YB9,GAS,1.48687,1.48416,1.48149,1.47907,1.46853,1.48207,1.41869,0.92392,0.88245,0.84511,0.82896,0.85794,0.96562,0.94338,0.91158,0.95213,0.9438,0.9577,1.03792,1.47594,1.47242,1.4656,1.45115,1.48225,2024-04-29
RecursoComb,2YWY,GAS,,,,,,,,,,,,,,,,0.00582,0.01368,0.02367,0.01359,0.00391,0.00438,0.00691,0.01587,0.02071,2024-04-29
RecursoComb,3C4V,GAS,1.1683,1.17873,1.18916,1.19959,1.20481,1.19438,1.22567,1.24132,1.21003,1.20481,1.19438,1.13179,1.07964,1.07964,1.08485,1.08485,1.09528,1.12136,1.18395,1.18395,1.16309,1.15265,1.15787,1.1683,2024-04-29
RecursoComb,3IJF,GAS,9e-05,6e-05,4e-05,,3e-05,1e-05,6e-05,5e-05,9e-05,0.0002,0.0001,3e-05,0.00011,0.0,2e-05,,,,,,,,,0.0,2024-04-29
RecursoComb,3JNR,GAS,,,,,,,,,,,,,,,0.00097,0.00048,0.00338,0.00435,0.01257,0.01402,0.00919,0.00967,0.01257,0.01305,2024-04-29
RecursoComb,CGM1,CARBON,15.55171,15.55171,15.55171,15.55171,15.55171,15.55171,15.55171,15.55171,15.55171,15.55171,15.55171,15.55171,15.55171,15.55171,15.55171,15.55171,15.55171,15.55171,15.55171,15.55171,15.55171,15.55171,15.55171,15.55171,2024-04-29
RecursoComb,CIP1,CARBON,7.44761,7.44761,7.44761,7.44761,7.44761,7.44761,7.44761,7.44761,7.44761,7.44761,7.44761,7.44761,7.44761,7.44761,7.44761,7.44761,7.44761,7.44761,7.44761,7.44761,7.44761,7.44761,7.44761,7.44761,2024-04-29
RecursoComb,GEC3,CARBON,170.83658,170.7594,171.22527,170.7594,170.40976,169.82672,169.92343,170.02107,169.30227,168.60206,168.17525,168.19477,168.2143,167.80608,167.04823,167.00917,166.87341,167.12634,167.47597,168.00043,170.19589,170.79752,169.92343,169.67143,2024-04-29
RecursoComb,PNC1,CARBON,20.64817,20.64817,20.64817,20.64817,20.64817,20.64817,20.64817,20.64817,20.64817,20.64817,20.64817,20.64817,20.64817,20.64817,20.64817,20.64817,20.64817,20.64817,20.64817,20.64817,20.64817,20.64817,20.64817,20.64817,2024-04-29
RecursoComb,PPA1,CARBON,35.15419,35.43359,35.69796,35.68955,36.19394,36.26435,35.49252,35.59967,35.57354,36.22582,36.11611,36.02814,35.51214,35.01419,35.4695,35.88496,35.01054,35.03125,34.95185,34.84883,34.99761,34.6992,34.80147,35.95111,2024-04-29
RecursoComb,PPA2,CARBON,75.63049,76.43818,76.40161,75.81614,75.88373,75.44162,75.79654,76.13537,77.43492,77.70226,77.1472,77.00464,76.27886,76.07356,76.19987,73.16668,75.32834,74.86376,75.11196,74.78816,74.5881,75.22451,75.09827,75.3238,2024-04-29
RecursoComb,PPA3,CARBON,70.24167,70.02334,69.68379,69.45443,69.96234,69.39462,70.01038,69.73809,69.45779,69.29058,69.37826,69.65556,69.5979,69.58295,69.7385,69.58387,69.55572,69.7283,69.78576,69.38045,69.32566,69.91944,69.74794,70.06216,2024-04-29
RecursoComb,PPA4,CARBON,138.86375,139.0803,138.19522,139.03098,138.65905,139.27947,138.68996,138.39085,138.15546,138.62646,138.37603,138.40647,138.14641,138.55407,138.24644,138.49355,138.58769,138.09929,138.32334,138.59015,138.64948,138.64604,138.29082,138.65827,2024-04-29
RecursoComb,PPN1,GAS,7.65604,7.65604,7.65604,7.65604,7.65604,7.65604,7.65604,7.65604,7.65604,7.65604,7.65604,7.65604,7.65604,7.65604,7.65604,7.65604,7.65604,7.65604,7.65604,7.65604,7.65604,7.65604,7.65604,7.65604,2024-04-29
RecursoComb,TBQ3,GAS NI,37.43207,26.49178,26.22963,26.40359,26.45252,26.26406,26.25198,26.16319,26.26587,26.13238,26.28581,26.25077,26.34319,25.95298,26.07319,26.03755,26.10641,25.93124,25.83278,25.88413,10.74942,1.4666,,,2024-04-29
RecursoComb,TBST,GAS NI,222.18571,223.65511,225.59986,225.64012,225.7408,225.55895,223.87966,225.47781,225.11534,225.15561,224.39347,224.67354,224.60154,224.87186,224.83159,224.75104,224.6949,225.78414,273.0419,300.1066,266.34302,219.69118,221.39854,223.65449,2024-04-29
RecursoComb,TCBE,GAS,,,,,,,6.17921,,,,,,,,,,,,,,,,,,2024-04-29
RecursoComb,TCDT,GAS NI,236.49687,236.90705,236.43827,236.37968,236.61406,236.78985,236.37968,239.25092,236.96565,233.68422,236.26248,236.37968,235.73511,238.48916,234.62177,238.43057,231.92632,236.49687,233.15685,234.85616,235.14914,234.73897,234.50458,234.91476,2024-04-29
RecursoComb,TEC1,GAS,73.98438,60.64774,56.63971,19.23734,,,,,,,,,,,,,,,,,,,,,2024-04-29
RecursoComb,TFL1,GAS NI,38.83513,38.69594,38.65534,38.68434,38.64642,38.78293,38.72493,38.75393,38.72493,38.64954,38.80033,38.80033,38.84673,38.74233,38.74233,38.76553,38.73073,38.71913,38.76553,38.71333,38.73653,38.72493,38.67274,38.67274,2024-04-29
RecursoComb,TFL4,GAS,127.43895,127.34863,127.32151,127.07522,127.05569,127.39578,127.61965,127.41382,126.6312,126.10764,125.89654,126.08212,125.87608,125.84342,125.64929,125.72793,126.05549,126.33178,126.57374,126.93237,127.04446,127.02949,127.01587,127.06337,2024-04-29
RecursoComb,TFL4,GAS NI,65.72456,65.67798,65.66399,65.53697,65.5269,65.7023,65.81776,65.7116,65.30798,65.03796,64.92909,65.0248,64.91854,64.9017,64.80158,64.84213,65.01107,65.15356,65.27835,65.4633,65.52111,65.51339,65.50637,65.53086,2024-04-29
RecursoComb,TGJ1,CARBON,128.9992,130.2127,130.03602,130.21456,130.21735,130.56978,129.86027,128.99641,127.2473,126.99344,126.85117,106.03291,99.62693,99.77106,99.55347,99.70318,102.13204,97.69742,97.69742,88.50458,87.17949,82.84995,82.637,84.96265,2024-04-29
RecursoComb,TGJ1,GAS,16.70655,14.71953,14.72715,14.75058,14.74004,14.74297,14.67558,14.57362,14.47928,14.30759,14.30935,23.21724,33.57189,33.62639,33.59416,33.90003,31.65167,33.90589,34.0477,39.05538,41.52055,43.96287,43.6359,43.59371,2024-04-29
RecursoComb,TGJ2,CARBON,110.41266,110.4108,108.97506,109.50881,110.17461,109.44651,109.26332,109.26332,109.26797,109.26147,109.25031,109.24287,109.24101,111.45971,112.38681,103.55383,70.36066,106.35372,107.21944,90.30855,79.96544,69.69208,69.91897,69.92083,2024-04-29
RecursoComb,TGJ2,GAS,18.36425,18.26815,18.06306,18.15037,18.5963,18.56524,18.55762,18.5963,18.59044,18.19198,18.14862,18.11053,17.97107,11.65843,14.74648,19.57428,7.53145,17.73844,18.56641,27.05241,33.97855,42.20614,42.71241,42.20731,2024-04-29
RecursoComb,TMB1,GAS,,,,,,,,,,,,,,,,,0.64277,0.84158,0.84084,0.84046,0.83635,0.83112,0.83934,0.83934,2024-04-29
RecursoComb,TPD1,GAS,0.33066,0.3285,0.32695,0.32454,0.324,0.32457,0.32067,0.3247,0.32105,0.3296,0.30044,0.31544,0.33154,0.32493,0.32919,0.32184,0.31522,0.32114,0.13919,0.07637,0.07319,0.07274,0.07109,0.07527,2024-04-29
RecursoComb,TSJ1,CARBON,142.18887,141.85019,142.07052,142.18065,141.86439,141.96919,142.57727,142.76077,141.57251,142.71183,142.71821,142.64672,142.83853,142.47002,141.94638,142.61939,142.69128,142.81554,142.46094,142.70029,142.66156,142.81005,142.46899,142.56882,2024-04-29
RecursoComb,TSJ2,CARBON,141.51106,140.87557,139.97755,141.01803,141.03084,141.30617,141.57189,141.41182,139.63338,144.29317,143.87697,143.7297,144.18912,145.12236,145.17518,144.30917,143.89138,144.32198,143.79533,144.69656,145.14957,143.55202,144.16191,144.45004,2024-04-29
RecursoComb,TVL1,GAS,37.79954,,,,,,,,,,,,,,,,,,,,,,,,2024-04-29
RecursoComb,TYP1,GAS,15.90787,15.90611,15.89615,15.89146,16.34325,16.33797,16.33036,16.34793,16.32508,16.34032,16.32743,16.31512,16.07487,15.90436,15.36878,15.3764,15.36292,15.37112,15.41507,15.35472,15.81998,15.82115,15.81998,15.85631,2024-04-29
RecursoComb,TYP2,GAS,21.84725,21.78748,21.78162,21.78396,21.80271,21.76814,21.7617,21.7699,21.73123,20.54991,20.64367,20.72277,21.11596,21.27593,21.32867,21.31812,20.91849,20.84759,20.84876,21.43766,21.68962,21.79685,21.79568,21.82205,2024-04-29
RecursoComb,TYP4,GAS,26.94342,26.93521,26.93814,26.93931,26.98092,26.79517,26.68793,26.71137,26.66039,26.60121,26.4846,26.38616,26.2215,26.20392,26.08439,26.1172,26.30764,26.43655,26.50746,26.4723,26.51976,26.56019,26.61762,26.66684,2024-04-29
RecursoComb,ZPA2,CARBON,40.93349,42.16052,42.09565,41.55568,41.52039,41.4601,40.79021,40.80907,40.76101,40.50736,40.13722,40.04969,39.97111,40.04573,39.99286,39.95839,40.0092,39.98152,40.19383,39.89901,39.49796,39.65598,40.48725,40.63567,2024-04-29
RecursoComb,ZPA4,CARBON,77.38129,77.20873,77.14903,76.81164,76.43626,77.03057,77.82329,77.75807,77.77058,77.97665,78.0368,78.17626,77.72601,77.56007,77.79107,77.86523,77.82471,78.08484,78.21756,78.45164,77.28809,77.3769,77.99294,77.30357,2024-04-29
RecursoComb,ZPA5,CARBON,65.88714,66.63855,66.29709,64.45385,65.76891,66.33488,66.37469,66.19733,66.68014,66.15783,65.67887,65.94786,65.26636,65.21696,65.95078,65.16311,65.15586,64.48556,64.39324,63.71413,61.69841,61.14042,60.50453,60.3639,2024-04-29
RecursoComb,2S6S,CARBON,,,,,,,,,,,,,,,0.00193,,,,,0.06362,,,,,2024-04-30
RecursoComb,2S8I,GAS,1.49515,1.21698,1.80808,2.88598,2.71213,2.92075,2.99029,2.67736,1.63423,0.90404,1.87763,2.12102,1.98194,2.01671,1.87763,1.21698,0.73019,1.35606,2.08625,2.05148,2.19056,2.26011,2.32965,1.87763,2024-04-30
RecursoComb,2U8Y,GAS,7.38404,7.38245,7.38301,7.38282,7.38233,7.3852,7.38458,7.38026,7.36014,7.27819,7.34711,7.36595,7.36911,7.36736,7.33901,7.2853,7.28721,7.32964,7.37662,7.37879,7.38007,7.381,7.38208,7.38185,2024-04-30
RecursoComb,2U91,GAS,7.25315,7.25235,7.25287,7.25255,7.25254,7.25701,7.2568,7.2526,7.2386,7.19648,7.23276,7.23589,7.23891,7.23935,7.22782,7.20465,7.20767,7.23798,7.24834,7.24833,7.24945,7.2499,7.25055,7.25061,2024-04-30
RecursoComb,2U93,GAS,7.25834,7.2563,7.25766,7.25716,7.25636,7.25991,7.26322,7.26122,7.24211,7.19404,7.18434,7.18878,7.19111,7.19922,7.21539,7.19555,7.19752,7.20762,7.24035,7.24398,7.24772,7.24844,7.25678,7.04402,2024-04-30
RecursoComb,2V25,CARBON,8.69258,8.87572,9.02833,9.08295,9.12632,9.1215,9.26127,9.17291,7.01382,4.45954,8.8227,6.83711,6.67486,6.68932,6.68289,6.74715,6.01139,4.23785,4.2732,4.38404,4.36316,4.33424,4.45151,4.60573,2024-04-30
RecursoComb,2V27,GAS,0.01756,0.0401,0.03462,0.00761,0.01443,0.01208,0.00873,0.00822,0.0132,0.0273,0.02741,0.03982,0.04346,0.03199,0.01779,0.02657,0.0259,0.0316,0.02724,0.05951,0.05314,0.04866,0.12848,0.13693,2024-04-30
RecursoComb,2WFN,GAS,2.92724,2.9164,2.91453,2.9164,2.92537,2.92238,2.98964,3.0614,3.06102,3.09839,3.14959,3.14772,3.17014,3.17911,3.20826,3.26992,3.3114,3.32561,3.13875,3.09279,3.07335,3.07186,3.07597,3.08718,2024-04-30
RecursoComb,2XXR,GAS,0.02697,0.02695,0.02702,0.02694,0.02706,0.02392,0.02197,0.02258,0.02647,0.01842,,0.01675,0.03363,0.03262,0.03277,0.03309,0.03355,0.03293,0.03207,0.03209,0.03195,0.03198,0.03245,0.03282,2024-04-30
RecursoComb,2YB9,GAS,1.48858,1.4931,1.49538,1.49548,1.49556,1.4957,1.49622,1.32354,1.05366,1.03081,0.7367,0.7161,0.95116,0.89826,0.97552,1.00112,0.97469,1.02549,0.96803,0.99115,1.0274,1.02594,1.04199,1.03832,2024-04-30
RecursoComb,2YWY,GAS,0.00822,0.00831,0.0075,0.0066,,,,,,,,0.00546,0.00938,0.00686,0.01443,0.01959,0.01264,0.01727,0.00974,0.00674,0.00579,0.00773,0.03201,0.02429,2024-04-30
RecursoComb,3C4V,GAS,1.18395,1.18916,1.18395,1.18916,1.17873,1.20481,1.24654,1.21524,1.11093,1.02226,1.03791,0.96489,0.88666,0.87623,0.9023,0.98054,1.02226,1.16309,1.21524,1.17873,1.24654,1.22567,1.1683,1.16309,2024-04-30
RecursoComb,3IJF,GAS,,,,,2e-05,4e-05,1e-05,,,,,,4e-05,7e-05,3e-05,,9e-05,,,,,,,,2024-04-30
RecursoComb,3JNR,GAS,0.01305,0.01595,0.0174,0.01499,0.01837,0.01305,0.0029,0.00048,,,,,,,,0.00048,0.00242,0.00338,0.01305,0.00193,,,,,2024-04-30
RecursoComb,3KL4,GAS,1.06958,0.50663,0.20522,0.09377,0.11652,0.89456,0.20725,0.1133,0.23661,0.03581,0.01725,0.01388,0.26386,0.05663,0.01521,0.0358,1.20847,1.49315,0.80068,0.95171,0.30001,0.7249,0.6406,0.73197,2024-04-30
RecursoComb,CGM1,CARBON,15.55171,15.55171,15.55171,15.55171,15.55171,15.55171,15.55171,15.55171,15.55171,15.55171,15.55171,15.55171,15.55171,15.55171,15.55171,15.55171,15.55171,15.55171,15.55171,15.55171,15.55171,15.55171,15.55171,15.55171,2024-04-30
RecursoComb,CIP1,CARBON,7.44761,7.44761,7.44761,7.44761,7.44761,7.44761,7.44761,7.44761,7.44761,7.44761,7.44761,7.44761,7.44761,7.44761,7.44761,7.44761,7.44761,7.44761,7.44761,7.44761,7.44761,7.44761,7.44761,7.44761,2024-04-30
RecursoComb,GEC3,CARBON,165.63201,165.06385,164.64633,165.1959,164.49476,164.1535,163.7927,164.62774,164.47524,163.90708,163.92567,164.00192,163.29986,162.69265,162.73077,162.48435,163.05344,163.43283,164.06795,164.21022,164.53289,164.26694,164.28554,164.85463,2024-04-30
RecursoComb,PNC1,CARBON,20.64817,20.64817,20.64817,20.64817,20.64817,20.64817,20.64817,20.64817,20.64817,20.64817,20.64817,20.64817,20.64817,20.64817,20.64817,20.64817,20.64817,20.64817,20.64817,20.64817,20.64817,20.64817,20.64817,20.64817,2024-04-30
RecursoComb,PPA1,CARBON,35.89369,35.21083,35.80157,35.67391,36.02581,34.95116,35.01004,35.01755,35.25073,35.39929,35.32268,35.66164,35.73029,35.23939,35.1199,35.73224,35.8918,35.46163,35.00007,35.26956,35.48848,35.56406,35.39757,35.70951,2024-04-30
RecursoComb,PPA2,CARBON,75.06329,74.59413,75.10231,75.74849,75.45106,74.76509,74.89502,75.19124,75.82185,76.041,77.04441,77.23262,76.90289,76.88946,77.30495,76.65047,75.42002,75.06312,74.6602,74.27054,75.6897,75.8544,77.22062,76.71075,2024-04-30
RecursoComb,PPA3,CARBON,69.96873,69.85132,69.83212,70.08238,69.8271,69.7568,69.80031,69.98885,69.9989,69.90468,70.66818,69.69903,69.98708,69.74263,69.98007,70.05633,70.24997,70.33644,70.5281,70.24395,70.50416,70.02226,70.74194,70.73689,2024-04-30
RecursoComb,PPA4,CARBON,138.25422,138.58074,138.3325,138.68715,138.66554,138.74779,139.07715,138.73645,138.27612,138.25559,135.73467,137.55909,138.4616,138.46375,138.36262,138.72119,138.51869,138.63281,138.32055,138.4302,138.10333,138.42376,138.55872,138.65503,2024-04-30
RecursoComb,PPN1,GAS,7.65604,7.65604,7.65604,7.65604,7.65604,7.65604,7.65604,7.65604,7.65604,7.65604,7.65604,7.65604,7.65604,7.65604,7.65604,7.65604,7.65604,7.65604,7.65604,7.65604,7.65604,7.65604,7.65604,7.65604,2024-04-30
RecursoComb,PRG1,GAS,,,,,,,,,,,,5.34776,11.2547,18.88173,24.86479,25.26837,25.28628,25.30643,25.28012,25.27508,25.27732,25.27228,25.2874,25.28404,2024-04-30
RecursoComb,TBST,GAS NI,219.06987,59.12943,11.94619,,,,,,,,7.84911,51.45802,128.57451,185.72411,230.20751,226.54036,225.28296,246.58483,293.17997,307.59211,307.60615,308.12094,307.94325,296.7262,2024-04-30
RecursoComb,TCDT,GAS NI,235.55932,234.91476,235.67651,237.14144,236.67266,236.49687,236.43827,240.30567,233.15685,234.32879,238.13758,235.9695,233.27404,239.89549,225.24628,236.14529,233.15685,235.55932,236.37968,234.32879,234.73897,234.0944,235.38353,232.2779,2024-04-30
RecursoComb,TDR1,ACPM,3.21109,11.85713,1.32795,,,,,,,,,,,,,,,,,,,,,,2024-04-30
RecursoComb,TEC1,GAS,38.74423,54.70016,57.08505,73.36911,93.03421,97.0188,96.9309,97.66336,97.32936,97.28248,97.53445,96.63206,96.13399,96.6262,97.39968,97.7161,97.59891,97.66922,97.7747,98.36067,98.30207,98.33723,98.14972,98.29035,2024-04-30
RecursoComb,TFL1,GAS,0.49023,0.60404,0.61722,0.61786,0.61947,0.62036,0.62048,0.61821,0.61655,0.61515,0.6111,0.60916,0.60928,0.60696,0.607,0.609,0.61015,0.61007,0.61337,0.61691,0.61805,0.61861,0.61786,0.61746,2024-04-30
RecursoComb,TFL1,GAS NI,58.96656,72.65661,74.2426,74.31857,74.51323,74.61948,74.63372,74.3613,74.16189,73.99331,73.50575,73.27273,73.287,73.0078,73.01256,73.25371,73.39162,73.38211,73.77949,74.20462,74.34231,74.40878,74.31857,74.27109,2024-04-30
RecursoComb,TFL4,GAS,128.62376,128.56087,128.58113,128.54651,128.58481,128.70136,128.49556,128.09856,127.99662,127.63372,127.43769,127.42041,127.47617,127.15095,127.14273,127.45952,127.64966,127.7114,127.93887,128.04706,128.14403,128.27183,128.30328,128.29384,2024-04-30
RecursoComb,TFL4,GAS NI,63.78365,63.75246,63.76251,63.74534,63.76433,63.82213,63.72008,63.5232,63.47266,63.29269,63.19548,63.18692,63.21457,63.05329,63.04921,63.20631,63.3006,63.33122,63.44402,63.49767,63.54576,63.60913,63.62472,63.62004,2024-04-30
RecursoComb,TGJ1,CARBON,135.48236,136.01332,136.5759,137.02969,137.55879,138.00978,137.86007,137.40629,136.35087,135.55675,110.28062,81.9089,94.24476,138.72951,138.8411,138.64954,117.78758,103.14747,101.3779,100.20718,90.32343,87.15066,87.18972,90.70282,2024-04-30
RecursoComb,TGJ1,GAS,18.6836,14.55604,14.91407,14.95509,15.06701,15.20178,14.72597,14.5912,14.50917,14.50331,14.12125,8.73738,8.79011,8.85457,11.74925,11.96665,17.84977,35.19502,35.73529,36.94473,42.22372,44.58986,44.22011,44.30801,2024-04-30
RecursoComb,TGJ2,CARBON,112.3087,117.27614,116.12402,115.84412,115.84412,115.84598,115.84877,108.8923,71.63926,69.92734,70.86466,112.62765,114.80544,108.73515,100.48428,99.54789,92.58584,67.67981,66.85593,66.85593,68.61434,68.31213,68.07501,68.07501,2024-04-30
RecursoComb,TGJ2,GAS,21.54899,19.73483,18.04373,19.48814,19.84031,20.04012,20.57452,20.13974,13.53997,16.00045,17.54448,24.1501,21.86014,20.53937,16.33504,14.0568,22.97582,44.06717,44.24941,44.14921,44.9303,43.78532,43.65641,43.67985,2024-04-30
RecursoComb,TMB1,GAS,0.03961,,,,,,,,,,,,,,,,0.19433,0.83934,0.84084,0.84046,0.84046,0.84046,0.84046,0.83374,2024-04-30
RecursoComb,TPD1,GAS,0.08083,0.08174,0.08575,0.08076,0.0852,0.09212,0.09691,0.13055,0.13116,0.32656,0.32444,0.31753,0.33247,0.32653,0.32444,0.31934,0.31249,0.32179,0.32259,0.3222,0.31668,0.31755,0.3229,0.31483,2024-04-30
RecursoComb,TRN1,ACPM,0.73425,0.43523,0.43523,1.00588,1.63132,0.59805,1.41371,0.43523,0.62544,0.59805,0.62544,1.19609,1.19609,1.41371,0.62544,0.62544,0.59805,0.62544,5.79103,2.25676,2.52839,2.25676,2.22937,0.62544,2024-04-30
RecursoComb,TRN1,COMBUSTOLEO,,,,,,,,,,,,,,,,,,,,5.83195,6.22669,6.91939,0.79033,,2024-04-30
RecursoComb,TRN1,GAS,12.89541,21.49098,25.39939,25.7914,25.7914,25.7914,25.7914,25.7914,25.7914,25.7914,25.7914,25.7914,25.7914,25.7914,25.7914,25.7914,25.7914,25.7914,21.49098,21.49098,21.49098,21.49098,22.53459,25.7914,2024-04-30
RecursoComb,TSJ1,CARBON,142.56991,142.77777,142.57435,142.55826,142.63537,142.50286,142.79412,142.89107,143.0532,143.06469,143.32229,143.00921,142.9498,142.87638,143.06448,142.9246,142.78781,142.94654,142.90507,142.01419,143.13386,143.07832,142.81384,141.69132,2024-04-30
RecursoComb,TSJ2,CARBON,145.24561,146.21887,145.73544,145.6458,144.73497,145.23441,146.42056,146.48459,146.61425,146.52621,147.02885,146.02038,146.85277,146.34373,146.51661,147.15691,146.86397,145.26642,147.10728,147.49467,146.39655,147.22894,147.16011,148.05813,2024-04-30
RecursoComb,TSR1,ACPM,0.67204,,0.48475,35.38189,83.86863,16.39288,0.19953,0.16423,10.07557,141.43617,194.21132,198.76473,197.86381,205.82857,205.17115,204.55326,204.99451,207.59255,199.39993,193.70197,202.64445,201.36758,133.23262,140.39318,2024-04-30
RecursoComb,TSR1,GAS,1.40266,1.1756,3.25212,5.68756,,,0.07691,0.65189,2.74306,,,,,,,,,,,,,,0.84599,1.43929,2024-04-30
RecursoComb,TVL1,ACPM,,,,,,,,,32.79907,64.31015,69.24418,64.81974,64.60752,74.81619,76.52265,76.53072,66.05317,65.04361,65.14874,65.14318,65.06201,64.99665,15.29675,,2024-04-30
RecursoComb,TVL1,GAS,,,,,,,,32.25569,17.83043,,,,,,,,,,,,,,18.65935,,2024-04-30
RecursoComb,TYP1,GAS,15.85513,15.84459,15.83638,15.82994,15.84693,15.84283,15.81998,15.85689,15.84869,15.92545,15.75962,15.78482,15.46722,15.46136,15.56508,15.61254,15.59614,15.64301,15.68989,15.72857,15.76021,15.99635,15.96647,16.01569,2024-04-30
RecursoComb,TYP2,GAS,22.93422,22.96352,22.94887,22.96176,22.96352,22.94652,22.94887,23.02211,22.66643,21.78455,21.30171,21.01986,21.55544,21.6281,21.56657,21.61696,21.59177,21.75818,22.47951,22.76136,22.7221,22.7262,22.69632,22.72679,2024-04-30
RecursoComb,TYP4,GAS,26.61293,26.5848,26.61,26.59945,26.60883,26.60238,26.54847,26.47816,26.3885,26.28186,26.11427,25.99473,26.03575,26.00469,26.27658,26.4846,26.49456,26.51624,26.62875,26.76821,26.7981,26.74126,26.71606,26.74301,2024-04-30
RecursoComb,ZPA2,CARBON,40.68432,40.72925,40.67221,40.70922,40.63168,40.71392,40.63402,40.72877,40.61281,40.07843,40.21938,40.02074,40.023,40.03692,40.16025,40.19427,40.18669,40.22101,40.21209,40.0653,39.16179,39.84586,40.2807,40.30455,2024-04-30
RecursoComb,ZPA3,CARBON,,,,,,,,,,,,,,,,,,,,,3.37374,21.07985,29.93123,36.8634,2024-04-30
RecursoComb,ZPA4,CARBON,76.99047,77.07309,77.15685,77.05616,77.47156,77.46832,77.55758,77.61285,77.69863,77.54479,77.91849,77.45521,77.82382,77.66247,77.77237,78.18469,77.89392,78.04248,77.76274,78.16637,78.0419,77.46193,77.49293,78.1969,2024-04-30
RecursoComb,ZPA5,CARBON,60.87964,60.6852,61.13705,61.81962,62.27399,62.95378,62.80093,62.37266,62.84075,63.41909,63.87398,63.79357,63.51568,63.81222,63.39629,63.63287,63.82536,63.90647,64.06596,64.37874,63.20949,63.54704,62.44063,62.4876,2024-04-30
RecursoComb,2S8G,CARBON,,,,,,,,,,,,,,,,,,,,,,,0.43426,1.21273,2024-05-01
RecursoComb,2S8I,GAS,2.01671,2.19056,2.43396,2.36442,2.32965,2.43396,2.15579,1.98194,3.26846,3.09461,3.12938,2.99029,2.7469,2.7469,2.01671,2.12102,2.99029,3.02506,3.05984,3.05984,3.09461,2.43396,1.84286,2.36442,2024-05-01
RecursoComb,2U8Y,GAS,7.38302,7.38319,7.29598,7.29172,7.29253,7.29416,7.29777,7.36745,7.38409,7.3813,7.37944,7.37792,7.37148,7.37124,7.37295,7.37497,7.37781,7.37833,7.37479,7.37746,7.37868,7.3804,7.38097,7.38057,2024-05-01
RecursoComb,2U91,GAS,7.24742,7.25267,7.2109,7.20948,7.20987,7.21463,7.22095,7.26028,7.2581,7.25437,7.25232,7.25023,7.24602,7.246,7.24682,7.24837,7.25177,7.2527,7.24665,7.24866,7.24933,7.24984,7.25045,7.25065,2024-05-01
RecursoComb,2U93,GAS,7.26023,7.25972,7.21144,7.21522,7.2151,7.21688,7.21667,7.25769,7.25474,7.25074,7.24785,7.11555,7.23652,7.23481,7.2434,7.2424,7.24918,7.25352,7.24665,7.25059,6.95895,7.19622,7.19459,7.1883,2024-05-01
RecursoComb,2V25,CARBON,4.62822,4.57842,4.57521,4.51095,4.54308,4.62501,4.64429,4.67963,4.35352,4.18966,4.16556,4.20572,4.28765,4.21054,4.33424,4.53184,2.36953,4.39047,4.41778,4.41617,4.37762,4.43223,4.63626,4.81939,2024-05-01
RecursoComb,2V27,GAS,0.13793,0.13827,0.13827,0.13827,0.13799,0.13782,0.13776,0.07501,,,,,,,,,,,,,,,,,2024-05-01
RecursoComb,2WFN,GAS,3.08494,3.09167,3.08606,3.08606,3.07111,3.08718,1.61403,,,0.00635,1.8846,2.27549,2.26204,2.25232,2.26877,2.32931,2.32482,2.3095,0.52095,0.26309,0.21451,1.95896,2.00904,2.9235,2024-05-01
RecursoComb,2XXR,GAS,0.03325,0.03335,0.03308,0.03242,0.02736,0.03077,0.03364,0.03397,0.03355,0.03303,0.03269,0.03318,0.03301,0.03288,0.03297,0.033,0.03302,0.03302,0.03253,0.03247,0.03264,0.03301,0.03338,0.03356,2024-05-01
RecursoComb,2YB9,GAS,1.04229,1.04143,1.06933,1.06595,1.0634,1.06401,1.07457,0.98535,1.10009,1.02795,0.98349,0.87712,0.94427,1.02042,1.04426,1.01379,1.01521,0.90022,1.04597,1.03714,1.04378,1.04293,1.04903,1.07111,2024-05-01
RecursoComb,2YWY,GAS,0.00496,0.00019,,,,,,,,0.00023,0.0067,0.00712,0.01382,0.01062,0.01928,0.00688,0.0298,0.0074,0.00697,0.00638,0.0148,0.00526,0.0144,0.03208,2024-05-01
RecursoComb,3C4V,GAS,1.15787,1.15787,1.19438,1.19438,1.18916,1.16309,0.82928,,,,0.41725,0.71976,0.80321,0.82928,0.90752,0.96489,1.02226,1.03269,0.63109,1.11093,1.15265,1.04313,1.14222,1.17352,2024-05-01
RecursoComb,3IJF,GAS,,6e-05,,,,,,,,,2e-05,,,,,,,,,,,,,,2024-05-01
RecursoComb,3KL4,GAS,0.92856,0.0957,0.04671,0.12975,0.11015,1.07002,0.05288,,,,,,,,,,,0.21791,0.04101,0.03082,0.14115,0.11465,0.1503,0.06569,2024-05-01
RecursoComb,CGM1,CARBON,15.55171,15.55171,15.55171,15.55171,15.55171,15.55171,15.55171,15.55171,15.55171,15.55171,15.55171,15.55171,15.55171,15.55171,15.55171,15.55171,15.55171,15.55171,15.55171,15.55171,15.55171,15.55171,15.55171,15.55171,2024-05-01
RecursoComb,CIP1,CARBON,7.44761,7.44761,7.44761,7.44761,7.44761,7.44761,7.44761,7.44761,7.44761,7.44761,7.44761,7.44761,7.44761,7.44761,7.44761,7.44761,7.44761,7.44761,7.44761,7.44761,7.44761,7.44761,7.44761,7.44761,2024-05-01
RecursoComb,GEC3,CARBON,165.74639,148.31849,99.29589,26.72024,,,,,,,,,,,,,,,,,,,,,2024-05-01
RecursoComb,PNC1,CARBON,20.64817,20.64817,20.64817,20.64817,20.64817,20.64817,20.64817,20.64817,20.64817,20.64817,20.64817,20.64817,20.64817,20.64817,20.64817,20.64817,20.64817,20.64817,20.64817,20.64817,20.64817,20.64817,20.64817,20.64817,2024-05-01
RecursoComb,PPA1,CARBON,36.13545,34.97229,28.85401,25.96436,22.48078,6.16872,,,,,,,,,,,,,,,,,,,2024-05-01
RecursoComb,PPA2,CARBON,77.06445,72.92436,57.17061,51.46676,45.76453,70.67122,72.89291,72.62168,73.21081,73.4014,60.85312,,,,,,,,,,,,,,2024-05-01
RecursoComb,PPA3,CARBON,71.07356,69.03947,55.31695,48.30996,8.53074,,,,,,,,,,,,,,,,,,,,2024-05-01
RecursoComb,PPA4,CARBON,124.03596,92.56153,62.52099,49.10597,33.54774,,,,,,,,,,,,,,,,,,,,2024-05-01
RecursoComb,PPN1,GAS,7.65604,7.65604,7.65604,7.65604,7.65604,7.65604,7.65604,7.65604,7.65604,7.65604,7.65604,7.65604,7.65604,7.65604,7.65604,7.65604,7.65604,7.65604,7.65604,7.65604,7.65604,7.65604,7.65604,7.65604,2024-05-01
RecursoComb,PRG1,GAS,11.95376,,,,,,,,,,,,,,,,,,,,,,,,2024-05-01
RecursoComb,TBST,GAS NI,227.54263,210.16467,140.43932,137.26246,135.12097,60.3978,0.52968,,,,,,,,,,,,,,,,,,2024-05-01
RecursoComb,TCDT,GAS NI,149.77354,79.51592,,,,,,,,,,,,,,,14.23903,48.75258,48.92837,71.66394,84.43806,84.26226,84.26226,84.26226,2024-05-01
RecursoComb,TEC1,GAS,85.99087,65.44682,56.66315,23.67313,,,,,,,,,,,,,,,,,,,,,2024-05-01
RecursoComb,TFL1,GAS,4.10178,4.10178,4.10178,4.10178,4.10178,4.10178,,,,,,,,,,3.51581,3.51581,3.51581,3.51581,3.51581,4.10178,4.10178,4.10178,4.10178,2024-05-01
RecursoComb,TFL1,GAS NI,65.3809,43.83791,34.26921,34.13827,34.07565,42.8979,,,,,,,,,,5.75403,27.27232,33.70358,34.745,34.61905,33.97011,34.09606,34.08461,34.11323,2024-05-01
RecursoComb,TFL4,GAS,167.77551,142.15541,119.81594,115.68811,115.85665,115.86213,115.79692,115.88442,115.95422,115.82077,115.8523,115.89209,115.70998,115.87481,115.8641,115.83277,115.80413,115.79861,127.37418,138.65154,123.28522,146.11926,153.7461,121.79347,2024-05-01
RecursoComb,TGJ1,CARBON,137.02783,71.12038,58.70456,88.81423,87.86575,78.32513,58.70642,41.98988,35.72896,35.91773,35.72896,35.54113,35.46395,32.06894,29.24116,41.46356,33.38937,,44.707,69.79715,68.93236,67.34412,66.17525,66.02554,2024-05-01
RecursoComb,TGJ1,GAS,14.44002,13.91324,17.8193,24.78119,24.78119,22.09101,16.90167,25.12809,29.54277,29.54277,29.48476,29.54277,29.48476,31.59249,32.92674,33.10546,41.90436,46.77728,47.24605,47.79745,47.8748,47.91816,48.00547,46.54523,2024-05-01
RecursoComb,TGJ2,CARBON,113.4413,79.47447,60.96697,61.54908,61.55094,61.55094,61.55094,61.55094,61.55094,61.54629,62.16931,61.94428,60.93256,47.56826,30.92425,30.92611,6.90346,,11.48594,59.87528,59.74045,58.31029,58.41722,61.63555,2024-05-01
RecursoComb,TGJ2,GAS,19.06214,17.41322,18.31269,18.2787,18.2787,18.2787,18.2787,18.2787,18.2787,18.2787,18.2787,18.59278,18.56875,25.08531,31.66515,32.24526,44.20546,47.58474,46.33253,43.84275,43.57203,43.09857,42.9052,41.29027,2024-05-01
RecursoComb,TMB1,GAS,0.03588,,,,,,,,,,,,,,,,,,0.35726,0.82813,0.82888,0.83037,0.8386,0.84121,2024-05-01
RecursoComb,TPD1,GAS,0.29853,0.30375,0.29044,0.28894,0.29287,0.29833,0.30087,0.30741,0.31526,0.32068,0.31644,0.31198,0.24156,0.33471,0.5275,0.36326,0.3156,0.31515,0.30887,0.30366,0.30236,0.30853,0.31157,0.31069,2024-05-01
RecursoComb,TRN1,ACPM,0.51664,0.54403,0.51664,0.54403,0.51664,0.51664,0.54403,0.51664,1.4411,0.95186,1.74013,0.86967,1.49512,0.70685,1.22349,0.67946,0.67946,0.70685,0.67946,0.70685,0.67946,0.70685,2.31077,0.67946,2024-05-01
RecursoComb,TRN1,GAS,25.4656,25.4656,25.4656,25.4656,25.4656,25.4656,25.4656,25.4656,28.43588,29.70919,27.50243,26.88013,29.70919,29.70919,29.70919,29.70919,29.70919,29.70919,29.70919,29.70919,29.70919,29.70919,29.70919,29.70919,2024-05-01
RecursoComb,TSJ1,CARBON,76.26126,56.68803,11.27497,,,,,,,,,,,,,,,,,,,,,,2024-05-01
RecursoComb,TSJ2,CARBON,117.76074,91.56447,59.78639,58.16163,57.44609,57.47811,57.57255,57.4637,57.41728,57.43809,57.48131,57.43169,57.6782,57.80306,57.62858,57.58056,57.43649,55.92218,27.42883,,,,,,2024-05-01
RecursoComb,TSR1,ACPM,129.38915,133.74707,133.55122,133.73464,133.66834,133.44632,133.50138,133.67783,133.69403,189.03577,190.70192,179.97255,179.33211,189.1779,190.5284,190.69235,190.91929,190.6475,182.95041,168.86977,167.88435,184.28354,133.51585,136.19087,2024-05-01
RecursoComb,TVL1,ACPM,,,,,,,,6.16535,2.10091,33.00009,65.15328,64.89214,64.71845,64.65888,64.63751,64.58569,64.58302,64.61637,64.56948,64.58897,64.61308,64.47578,14.19537,,2024-05-01
RecursoComb,TVL1,GAS,,,,,,,0.29668,31.82131,13.99885,16.45019,,,,,,,,,,,,,17.50727,,2024-05-01
RecursoComb,TYP1,GAS,16.19851,16.05319,15.95709,15.83404,15.80709,15.79595,15.81002,15.83228,15.83697,15.82584,15.83756,15.83404,15.7649,15.49301,15.58325,15.47484,15.46254,15.46781,15.94186,15.99284,15.96588,15.95885,15.94713,15.96178,2024-05-01
RecursoComb,TYP2,GAS,22.93422,22.67053,22.79593,22.89262,22.86918,22.85511,22.84457,22.8557,22.8891,22.49767,22.43087,22.05175,21.20092,21.19858,21.59821,21.35679,21.67673,21.67732,22.00663,22.02362,22.19004,22.35059,22.32833,22.4174,2024-05-01
RecursoComb,TYP4,GAS,26.92291,26.8145,26.74712,26.59066,26.53558,26.60473,26.64926,26.60883,26.51097,26.38147,26.29358,26.23908,26.05978,26.09083,26.15998,26.18869,26.39202,26.38733,26.45062,26.56898,26.61117,26.66274,26.65981,26.68325,2024-05-01
RecursoComb,ZPA2,CARBON,27.52937,24.25965,22.92861,23.12503,23.33701,23.35101,23.13908,22.65436,23.24462,23.25999,23.22103,23.22277,23.17121,23.22154,22.24893,10.60996,,,,,,,,,2024-05-01
RecursoComb,ZPA3,CARBON,37.26547,37.6867,37.97073,38.45592,38.30646,38.06153,37.7905,37.67694,37.68786,37.70518,37.74361,37.76725,37.74567,37.7856,37.79503,37.49285,37.50557,37.59588,37.22932,37.0507,37.13426,37.15572,37.17909,37.17943,2024-05-01
RecursoComb,ZPA4,CARBON,65.15316,41.67734,39.83234,40.51542,40.06463,40.49599,40.489,40.33576,40.23516,40.07156,40.14508,40.20551,40.04497,39.97348,40.44849,40.42417,40.40664,40.40967,40.39195,41.64389,40.09375,40.34408,40.11798,39.93372,2024-05-01
RecursoComb,ZPA5,CARBON,43.85745,35.34094,35.02338,35.25203,35.75518,35.80997,35.57799,35.26033,35.30793,35.56253,35.6349,35.66104,35.66057,35.71359,35.53616,35.66571,35.68971,35.98936,48.62714,60.339,61.97026,60.95663,42.28133,35.84357,2024-05-01
RecursoComb,2S6S,CARBON,,,,0.02506,0.22555,0.32194,0.38362,0.2429,0.25832,0.25639,0.16,0.22748,0.2429,0.26025,0.17543,0.14458,,,,,,,,,2024-05-02
RecursoComb,2S8G,CARBON,0.23069,0.03163,0.02341,0.01808,0.04856,0.0249,,,0.00106,0.01258,0.01799,0.18888,0.04918,0.26301,0.18327,0.13683,0.07349,0.20165,0.16187,0.1371,0.07545,0.14283,0.1209,0.04705,2024-05-02
RecursoComb,2S8I,GAS,3.26846,3.16415,3.09461,3.05984,1.98194,2.5035,3.05984,2.99029,2.85121,2.81644,2.71213,2.5035,2.15579,1.70377,1.80808,2.78167,2.78167,2.81644,2.99029,2.88598,1.9124,1.70377,2.85121,3.30323,2024-05-02
RecursoComb,2U8Y,GAS,7.38083,7.38254,7.32033,7.24968,7.36332,7.38458,7.38465,7.38342,7.31443,7.19054,7.37356,7.36614,7.35895,7.35574,7.36003,7.36651,7.37048,7.37369,7.37546,7.37701,7.37628,7.37628,7.36571,7.28489,2024-05-02
RecursoComb,2U91,GAS,7.25147,7.25167,7.22232,7.20781,7.24567,7.25581,7.25786,7.25678,7.25376,7.25133,7.24417,7.2423,7.2328,7.2344,7.23946,7.23989,7.24237,7.24878,7.248,7.24872,7.24825,7.24781,7.24325,7.20487,2024-05-02
RecursoComb,2U93,GAS,7.18821,7.18947,7.15884,7.14396,7.18239,7.19771,7.19682,7.19541,7.19763,7.19288,7.18483,7.17675,7.17016,7.17019,7.17586,7.17638,7.17818,7.18674,7.18869,7.19359,7.19464,7.18639,7.17993,7.13918,2024-05-02
RecursoComb,2V25,CARBON,4.93185,4.93988,5.08607,5.06358,5.00896,5.15354,5.00414,4.87562,4.69891,4.7214,4.56236,4.64429,4.66035,4.6475,4.73746,4.83224,4.58324,4.55754,4.50613,4.57682,4.4981,4.51416,4.60252,4.6973,2024-05-02
RecursoComb,2WFN,GAS,2.9291,3.175,3.47546,3.69968,1.27546,2.17123,3.52442,3.64438,3.62158,3.69258,3.67502,2.63425,3.18434,3.17463,3.34055,2.41339,1.94028,1.86778,2.70339,3.59617,3.54385,3.69968,3.66941,0.27056,2024-05-02
RecursoComb,2XXR,GAS,0.03351,0.03353,0.03327,0.03362,0.03358,0.03357,0.03383,0.03355,0.03369,0.03134,0.03012,0.02967,0.02908,0.02925,0.03057,0.03118,0.03168,0.03208,0.03216,0.03264,0.0331,0.03311,0.03323,0.03324,2024-05-02
RecursoComb,2YB9,GAS,1.07946,1.08602,1.07765,1.08221,1.07381,1.07863,1.06959,1.0514,1.06659,1.04596,1.02953,1.01212,1.03298,0.14825,0.35167,0.52548,0.67714,0.86565,0.92762,0.94086,0.98908,1.00401,1.01626,1.03494,2024-05-02
RecursoComb,2YWY,GAS,0.00649,0.01332,0.01818,0.00918,0.00935,0.00458,0.0087,0.00786,0.00431,0.00455,0.02561,0.00859,0.00744,0.01286,0.00797,0.01143,0.00697,0.01045,0.00038,0.00368,0.00955,0.00852,0.00454,0.01109,2024-05-02
RecursoComb,3C4V,GAS,1.18916,1.22567,1.2361,1.27522,0.75105,1.23089,1.24654,1.25697,1.05877,0.93881,1.06399,1.02226,0.90752,0.88144,0.98054,1.01705,1.02748,1.00662,1.01705,1.16309,1.17873,1.18525,1.19959,,2024-05-02
RecursoComb,3JNR,GAS,,,,,,,,,,,,,,,,0.00048,0.0029,0.00338,0.00435,,,,,,2024-05-02
RecursoComb,3KL4,GAS,0.05773,0.11203,0.13422,0.13031,0.26662,0.08817,0.56751,0.60388,0.71344,0.95716,0.50802,0.32956,1.18854,0.35495,0.20003,0.58597,0.13251,0.84633,0.20767,0.14234,0.24405,0.15573,0.27623,0.88751,2024-05-02
RecursoComb,PRG1,GAS,,,,,,,,,,2.36989,11.32114,19.61071,24.15132,23.83511,23.79347,23.78841,23.78616,23.80191,24.40789,25.28225,25.30476,25.40491,25.38916,13.8829,2024-05-02
RecursoComb,TBST,GAS NI,,,,,,,,,,,,,,,,,,,,,,,4.50771,4.16119,2024-05-02
RecursoComb,TCBE,GAS,9.7034,12.77054,12.79251,12.80007,12.75343,12.52924,12.37425,0.81022,,,,,,,,0.00047,0.05573,0.11426,,,,,,,2024-05-02
RecursoComb,TCBE,GLP,,,,,,,,1.52365,3.44701,2.51958,1.93078,10.61608,5.12849,0.2357,2.58774,5.01628,,,,,,,,,2024-05-02
RecursoComb,TCDT,GAS NI,84.26226,84.20367,84.20367,84.14507,83.96928,83.6177,63.81197,47.17046,,,,15.41097,65.27689,85.19981,83.26612,83.14892,83.50051,84.08647,86.89912,114.67403,119.30318,119.30318,122.23302,113.2677,2024-05-02
RecursoComb,TDR1,GAS,,,,,,,,,,,1.04438,,,,,,,,,,,,,,2024-05-02
RecursoComb,TFL1,GAS NI,34.10628,34.33739,25.34669,,,,,,,,,,,,,,,,,,,,,,2024-05-02
RecursoComb,TFL4,GAS,64.37987,64.326,64.38452,64.37449,64.32944,64.40525,64.4407,64.34191,64.30712,64.43262,64.60959,64.68241,64.30239,75.07445,99.13012,101.34863,100.28934,70.4945,78.63228,119.47461,119.87626,125.5203,128.91306,128.91306,2024-05-02
RecursoComb,TFL4,GAS NI,53.43142,53.22179,53.22227,53.22219,53.22182,53.22244,53.22273,53.22192,53.22164,53.22266,53.22411,53.2247,53.2216,53.30968,53.50639,51.77194,51.14326,53.64656,51.41522,48.95757,49.37246,50.41803,49.11625,49.18079,2024-05-02
RecursoComb,TGJ1,CARBON,69.60839,58.47953,58.85613,58.93145,59.08116,59.38802,58.85613,41.19855,34.07005,34.21976,34.18164,34.03192,33.76598,34.36947,34.14537,34.9367,35.42768,35.61552,43.61253,105.14951,105.07233,103.03682,85.00449,58.25542,2024-05-02
RecursoComb,TGJ1,GAS,29.82872,21.06791,20.56866,20.56281,20.56866,20.56281,20.56866,29.38456,35.68255,35.41828,32.96424,35.66497,36.89843,36.88085,36.93945,37.13282,37.23888,37.45042,37.54417,37.27404,36.99219,36.65174,32.07884,21.97265,2024-05-02
RecursoComb,TGJ2,CARBON,74.93012,59.23087,33.97892,33.61627,33.82363,33.82363,33.82363,33.82363,33.82363,33.82363,33.82642,33.82363,33.82642,33.82921,31.73511,33.56605,33.82642,33.82921,49.43919,76.1399,76.14269,76.14548,76.07481,48.15501,2024-05-02
RecursoComb,TGJ2,GAS,40.70899,33.5045,35.20147,35.48918,35.08955,34.9372,35.08955,34.9372,35.08955,34.9372,32.67067,34.9079,34.94892,34.79598,35.98198,35.67083,35.61223,35.27179,36.08804,39.66948,39.75796,39.82242,39.81656,36.41208,2024-05-02
RecursoComb,TMB1,GAS,0.09006,,,,,,,,,,,,,,0.06129,0.83934,0.83934,0.8371,0.83149,0.83187,0.8386,0.83897,0.83934,0.07213,2024-05-02
RecursoComb,TPD1,GAS,0.30828,0.31481,0.31418,0.31397,0.31567,0.32522,0.33388,0.32689,0.29852,0.32219,0.32585,0.32022,0.32381,0.31855,0.2962,0.29035,0.30994,0.31068,0.30263,0.30989,0.25376,0.31898,0.32105,0.32219,2024-05-02
RecursoComb,TRN1,ACPM,0.59805,1.41371,1.41371,0.59805,0.57065,0.59805,1.41371,0.59805,1.41371,0.59805,0.57065,0.76165,0.76165,0.76165,1.3323,0.76165,0.76165,0.76165,0.76165,0.76165,1.57652,0.76165,0.59805,0.59805,2024-05-02
RecursoComb,TRN1,GAS,29.7965,27.66826,27.66826,29.7965,29.7965,29.7965,27.28679,25.54002,27.66826,29.7965,29.7965,29.7965,29.7965,29.7965,29.7965,29.7965,29.7965,29.7965,29.7965,29.7965,29.7965,29.7965,29.7965,29.7965,2024-05-02
RecursoComb,TSJ1,CARBON,,,,,,,,,17.33611,58.6572,59.39909,59.27233,59.32196,59.36863,59.14722,59.07251,58.96828,56.53772,130.15661,115.86398,60.23501,60.2942,59.45616,59.34276,2024-05-02
RecursoComb,TSR1,ACPM,132.90819,133.01245,133.0568,132.90937,133.33291,133.54048,133.23528,133.10395,133.38042,133.24483,133.14977,147.84417,191.71472,192.41856,193.13248,193.53799,194.2349,195.09497,196.12702,193.03611,195.95703,197.19842,133.12764,134.58854,2024-05-02
RecursoComb,TVL1,ACPM,,,,,,,,,5.24887,2.08925,,,0.56439,,,,,,,,,,,,2024-05-02
RecursoComb,TVL1,GAS,,,,,,,,7.57845,37.74012,6.68385,,,4.00017,2.06999,,,,,,,,,,,2024-05-02
RecursoComb,TYP1,GAS,15.93014,15.95885,16.00104,16.01569,16.01452,16.03268,16.0321,16.03034,16.01217,16.0444,15.92311,15.55336,15.63247,15.4057,15.41038,15.38402,15.40863,15.46195,15.6354,16.06081,16.33387,16.23953,15.59848,15.62719,2024-05-02
RecursoComb,TYP2,GAS,22.69807,22.74378,22.80706,22.85922,22.84925,22.84281,22.85687,22.85629,22.84984,22.42267,21.73181,21.02572,20.81594,21.08783,20.81419,20.83821,20.83704,21.03803,21.15932,21.8326,22.11797,22.48009,22.43497,22.48713,2024-05-02
RecursoComb,TYP4,GAS,26.67328,26.70141,26.70434,26.61293,26.57308,26.59125,26.58949,26.55023,26.49808,26.43069,26.4389,26.41136,25.90156,25.73398,25.69823,25.82597,25.69647,26.03751,26.17463,26.25666,26.28596,26.37561,26.53558,26.71665,2024-05-02
RecursoComb,ZPA3,CARBON,36.6389,36.35012,36.53663,36.95834,51.57982,57.03673,57.54431,58.15487,58.15143,59.96852,61.68331,61.76111,61.72605,61.88523,61.97656,62.02726,61.77127,62.04415,62.21628,61.70489,61.86342,38.99449,36.54816,37.09423,2024-05-02
RecursoComb,ZPA4,CARBON,40.07163,39.6539,39.78716,39.54042,39.40535,54.33893,61.93057,62.09878,61.84841,65.8559,76.3711,76.51669,76.90739,76.98161,76.98533,78.39541,78.8436,79.19883,79.3619,78.80921,76.87868,61.97628,60.84069,60.92926,2024-05-02
RecursoComb,ZPA5,CARBON,35.8187,36.14435,35.97111,36.0854,52.65951,55.04953,55.40708,53.04841,33.94072,22.73589,22.82038,23.15471,23.17196,23.25873,23.37386,23.56098,23.70297,23.62478,26.76985,35.48095,36.74367,35.15334,35.24763,35.45398,2024-05-02
RecursoComb,2S6S,CARBON,,,0.10024,,,,,,,,,,,,,,,,,,,,,,2024-05-03
RecursoComb,2S8G,CARBON,0.05236,0.07862,0.07319,0.06359,0.05092,0.08778,0.07539,0.03332,0.00065,,2e-05,0.0355,0.00066,0.00258,0.06014,0.16989,0.167,0.17935,1.3311,0.71417,0.2268,0.17821,0.18683,0.06686,2024-05-03
RecursoComb,2S8I,GAS,3.338,3.37277,3.02506,2.05148,2.01671,3.19892,3.75525,3.44232,3.30323,3.19892,2.78167,2.01671,2.39919,3.16415,3.05984,3.09461,3.19892,3.12938,2.64259,2.01671,2.43396,3.05984,2.99029,3.12938,2024-05-03
RecursoComb,2U8Y,GAS,7.28553,7.33868,7.38062,7.37997,7.38188,7.38301,7.38307,7.38114,7.37995,7.3783,7.37504,7.36671,7.36847,7.3217,7.30803,7.37056,7.36841,7.37004,7.37441,7.37734,7.37342,7.37668,7.37688,7.37655,2024-05-03
RecursoComb,2U91,GAS,7.20425,7.23318,7.25063,7.24965,7.24396,7.25345,7.25179,7.25261,7.2508,7.2478,7.23963,7.2439,7.24439,7.2463,7.2456,7.2477,7.24778,7.25023,7.24692,7.24708,7.24662,7.24768,7.24754,7.24785,2024-05-03
RecursoComb,2U93,GAS,7.14056,7.17939,7.18867,7.18872,7.19006,7.19448,7.19577,7.19368,7.1955,6.33374,6.10255,7.24258,7.23853,7.24702,7.25119,7.24613,7.24584,7.24597,7.25433,7.25951,7.2567,7.2505,7.24875,7.24967,2024-05-03
RecursoComb,2V25,CARBON,4.71979,4.67802,4.73586,4.78566,4.78566,4.77441,4.91417,4.93506,4.43063,4.68445,4.6234,4.474,4.48204,4.45633,4.56075,4.50131,4.37762,4.40974,4.31175,8.19939,8.86608,9.00102,9.28376,8.49338,2024-05-03
RecursoComb,2V27,GAS,,,,,,,,,,,,,,,0.00134,0.10107,0.12613,0.11461,0.12272,0.12333,0.12042,0.1244,0.12641,0.12663,2024-05-03
RecursoComb,2WFN,GAS,1.92907,3.21648,3.53451,3.69968,3.69968,3.69968,3.69968,3.69968,3.69968,3.69968,3.69968,3.69968,3.69968,3.69968,3.68399,3.17538,3.37008,3.56141,3.54497,3.43024,3.14174,2.55839,3.46649,3.41791,2024-05-03
RecursoComb,2XXR,GAS,0.03328,0.03311,0.03342,0.03319,0.03329,0.03326,0.03356,0.03037,0.03117,0.02149,0.02391,0.02935,0.03197,0.03196,0.03063,0.0322,0.03245,0.03233,0.03211,0.0272,0.02734,0.0248,0.02726,0.02743,2024-05-03
RecursoComb,2YB9,GAS,1.05321,1.06487,1.06445,1.06234,1.07054,1.06598,1.06337,1.02234,1.01544,0.6062,4e-05,,,,,0.01484,0.46505,0.9048,0.87004,0.93613,0.95905,0.95036,0.73339,0.81151,2024-05-03
RecursoComb,2YWY,GAS,0.01844,0.00871,0.0171,0.00742,0.0193,0.00561,0.00253,0.0059,0.00589,0.00573,0.00672,0.00432,0.0301,0.0317,0.02363,0.01008,0.00501,0.0027,0.00459,0.00367,0.01466,0.00493,0.00332,0.01885,2024-05-03
RecursoComb,3C4V,GAS,1.04834,1.17873,1.18395,1.3365,1.62988,1.62293,1.62988,1.56425,1.41517,1.34781,1.28087,1.31173,1.39953,1.36258,1.02226,0.93881,0.92317,1.02226,1.13179,1.18916,1.22046,1.21003,1.18916,1.19959,2024-05-03
RecursoComb,3IJF,GAS,1e-05,3e-05,0.0,,,,0.0,,,2e-05,1e-05,1e-05,,,,,,,,,,,,,2024-05-03
RecursoComb,3KL4,GAS,0.81481,0.54228,0.933,0.91084,1.14751,1.39577,0.48041,0.21749,0.26999,0.28599,0.47831,0.48519,1.11312,0.06932,0.03886,0.01088,0.05502,0.77897,1.12182,1.09562,1.28775,0.83947,0.93906,0.52049,2024-05-03
RecursoComb,CGM1,CARBON,15.55171,15.55171,15.55171,15.55171,15.55171,15.55171,15.55171,15.55171,15.55171,15.55171,15.55171,15.55171,15.55171,15.55171,15.55171,15.55171,15.55171,15.55171,15.55171,15.55171,15.55171,15.55171,15.55171,15.55171,2024-05-03
RecursoComb,CIP1,CARBON,7.44761,7.44761,7.44761,7.44761,7.44761,7.44761,7.44761,7.44761,7.44761,7.44761,7.44761,7.44761,7.44761,7.44761,7.44761,7.44761,7.44761,7.44761,7.44761,7.44761,7.44761,7.44761,7.44761,7.44761,2024-05-03
RecursoComb,PNC1,CARBON,20.64817,20.64817,20.64817,20.64817,20.64817,20.64817,20.64817,20.64817,20.64817,20.64817,20.64817,20.64817,20.64817,20.64817,20.64817,20.64817,20.64817,20.64817,20.64817,20.64817,20.64817,20.64817,20.64817,20.64817,2024-05-03
RecursoComb,PPN1,GAS,7.65604,7.65604,7.65604,7.65604,7.65604,7.65604,7.65604,7.65604,7.65604,7.65604,7.65604,7.65604,7.65604,7.65604,7.65604,7.65604,7.65604,7.65604,7.65604,7.65604,7.65604,7.65604,7.65604,7.65604,2024-05-03
RecursoComb,PRG1,GAS,,,,,,,,,,5.99357,11.13285,19.74016,23.94036,23.93753,23.90983,23.91209,23.91435,23.91831,23.90587,23.91491,23.89852,23.88665,23.98219,22.49412,2024-05-03
RecursoComb,TCBE,GAS,,12.35485,12.31143,12.82023,12.44937,12.67127,6.08493,,,0.79621,4.92055,0.4976,,,0.17374,0.02285,,,,,,,,,2024-05-03
RecursoComb,TCBE,GLP,,,,,,,0.18862,2.90301,2.25691,9.68099,17.71692,29.94707,28.94522,11.85721,,,,,,,,,,,2024-05-03
RecursoComb,TCDT,GAS NI,88.24685,83.6177,58.36246,1.52352,,,,,,4.57055,38.20514,40.43182,60.35475,85.4342,85.72719,85.60999,85.78578,85.78578,93.11039,111.33401,119.47897,119.47897,119.47897,119.47897,2024-05-03
RecursoComb,TEC1,GAS,38.59774,55.90725,57.30186,73.06441,91.24115,98.42512,98.88218,98.9232,98.68881,98.32551,97.43484,96.6848,97.06568,96.91918,96.29806,96.30978,96.84887,98.43684,98.00908,98.21417,98.07354,98.34309,98.54232,98.46614,2024-05-03
RecursoComb,TFL4,GAS,65.6489,65.58269,65.82732,65.68554,61.01543,50.87172,43.92228,43.8154,43.59357,43.47077,43.51286,44.63087,45.3953,45.39724,45.41556,46.25888,49.63034,56.39216,61.81095,64.8136,65.00373,65.29416,65.21136,65.41766,2024-05-03
RecursoComb,TFL4,GAS NI,117.13657,117.01842,117.45491,117.20195,108.86913,90.76983,78.37002,78.17931,77.7835,77.56439,77.63949,79.63434,80.99831,81.00176,81.03445,82.53917,88.55484,100.61987,110.28857,115.64616,115.9854,116.50361,116.35588,116.72397,2024-05-03
RecursoComb,TGJ1,CARBON,59.60934,58.89518,58.92866,59.00584,58.7836,58.32516,58.14198,58.02853,58.17545,58.10292,58.02574,60.13844,59.9506,59.574,59.30991,51.61233,46.17715,45.95305,44.78604,46.06649,46.14088,46.82156,69.83528,56.36497,2024-05-03
RecursoComb,TGJ1,GAS,21.94862,21.97206,21.14877,21.68376,21.62927,20.89857,21.2144,21.32222,21.49918,21.06205,21.17924,19.04222,21.00345,21.08549,21.20913,25.26051,29.85216,29.86974,29.78771,29.77599,29.79943,29.88732,30.43344,30.08714,2024-05-03
RecursoComb,TGJ2,CARBON,35.15708,34.40853,34.40574,34.40853,34.40574,34.40853,34.40853,34.40574,34.40574,34.86231,81.01993,90.04168,90.03145,74.49865,65.88327,66.42911,54.00306,34.83813,36.2311,36.22924,36.94339,65.0938,65.82469,48.19593,2024-05-03
RecursoComb,TGJ2,GAS,35.91752,36.02944,39.01319,39.05949,39.18547,38.49344,38.54325,38.66161,38.66747,34.22056,34.36764,30.09886,33.01698,32.56461,32.65895,32.68825,33.45763,34.7784,37.6848,52.05334,51.58925,49.77509,48.14258,44.22011,2024-05-03
RecursoComb,TMB1,GAS,,,,,,,,,,,,,,,,0.11286,0.83336,0.8386,0.83822,0.83785,0.83934,0.83897,0.83934,0.83897,2024-05-03
RecursoComb,TPD1,GAS,0.32556,0.32123,0.32261,0.3251,0.32814,0.34603,0.3509,0.34483,0.33827,0.3387,0.36797,0.36557,0.35002,0.3271,0.32157,0.31927,0.32431,0.3332,0.32636,0.32642,0.32222,0.31704,0.31795,0.3262,2024-05-03
RecursoComb,TRN1,ACPM,0.59805,0.62544,0.59805,0.59805,0.62544,0.59805,0.59805,0.59805,0.59805,0.76165,0.78826,0.78826,1.3049,0.78826,0.76165,1.25089,1.25089,0.76165,0.70685,0.76165,0.73425,0.76165,1.14208,0.59805,2024-05-03
RecursoComb,TRN1,GAS,29.52285,29.52285,29.52285,29.52285,29.52285,29.52285,29.52285,29.52285,29.52285,29.52285,29.52285,29.52285,29.52285,29.52285,29.52285,29.52285,29.52285,29.52285,29.52285,29.52285,29.52285,29.52285,29.10154,29.52285,2024-05-03
RecursoComb,TSJ1,CARBON,124.69709,141.32138,142.01005,142.17267,141.78939,141.69919,140.75587,140.5735,141.63769,141.29332,141.88353,141.25633,141.55269,140.63889,140.9306,141.38753,141.53496,142.34583,142.50201,142.61571,142.63023,142.76982,142.64096,142.87316,2024-05-03
RecursoComb,TSR1,ACPM,158.69077,158.69683,158.96702,158.739,159.14557,159.10069,133.53671,158.36538,155.85822,155.79834,156.65197,157.05192,157.11002,157.10797,156.99896,159.85568,160.07241,160.19239,156.245,155.56058,155.69607,155.66978,155.60676,155.52736,2024-05-03
RecursoComb,TYP1,GAS,15.58793,15.60375,16.09362,16.12937,16.41532,16.40009,16.41063,16.43466,16.42235,16.25828,15.84752,15.75669,15.66528,15.19944,15.42152,15.40394,15.51234,15.49769,15.5352,15.6143,15.81763,16.02624,16.03268,16.07487,2024-05-03
RecursoComb,TYP2,GAS,22.34942,22.36056,22.45197,22.44904,22.71565,22.90316,22.5381,22.50529,22.49299,21.97675,21.70427,21.22495,21.26421,20.96361,21.29937,21.53375,21.68669,21.84432,21.99491,22.12851,22.16367,22.44025,22.55393,22.62248,2024-05-03
RecursoComb,TYP4,GAS,26.53617,26.78579,26.70024,26.64164,26.62289,26.66332,26.63813,26.65102,26.27951,26.10197,26.01583,25.69472,25.63202,25.90449,26.02403,26.21681,26.15177,26.21213,26.44651,26.59711,26.6686,26.71313,26.72719,26.73833,2024-05-03
RecursoComb,ZPA3,CARBON,37.17229,37.20239,36.80644,37.07146,37.29208,37.25555,37.84499,37.59715,38.09795,55.78398,57.39339,60.73582,59.84831,59.9842,60.77109,60.62884,61.238,61.23128,61.11477,61.21912,60.91705,37.54048,37.29155,37.31214,2024-05-03
RecursoComb,ZPA4,CARBON,60.69242,60.67891,60.96235,60.25773,61.04297,60.70457,60.82517,61.28807,60.89722,40.28272,41.20726,53.73253,74.11847,76.01916,76.49098,77.01344,77.35215,73.51727,70.21297,70.35384,69.96633,61.67033,60.8895,61.49341,2024-05-03
RecursoComb,ZPA5,CARBON,21.22218,,8.61693,28.92691,35.82663,51.12308,55.00205,55.2597,55.55802,55.40418,55.84924,56.66675,63.08494,64.83393,63.37584,62.23876,64.00443,64.04133,64.24423,65.07713,65.24369,64.24318,64.71412,64.76626,2024-05-03
