ZONE_TIMEPOINTS_1,ZONE_TIMEPOINTS_2,Relax_Zone_Energy_Balance_down
Antioquia,1,1.0723433079298506e-17
Antioquia,2,1.072343307766362e-17
Antioquia,3,1.072343307669673e-17
Antioquia,4,1.0723433075994632e-17
Antioquia,5,1.0723433075649601e-17
Antioquia,6,0.0
Antioquia,7,1.0723433076941462e-17
Antioquia,8,1.0723433077394817e-17
Antioquia,9,0.0
Antioquia,10,1.072343308040381e-17
Antioquia,11,1.0723433081344622e-17
Antioquia,12,1.0723433082355644e-17
Antioquia,13,0.0
Antioquia,14,0.0
Antioquia,15,0.0
Antioquia,16,1.0723433084024632e-17
Antioquia,17,0.0
Antioquia,18,1.0723433083811997e-17
Antioquia,19,1.072343308340478e-17
Antioquia,20,0.0
Antioquia,21,0.0
Antioquia,22,1.0723433084628437e-17
Antioquia,23,0.0
Antioquia,24,0.0
Antioquia,25,0.0
Antioquia,26,0.0
Antioquia,27,0.0
Antioquia,28,0.0
Antioquia,29,0.0
Antioquia,30,1.0723433074379806e-17
Antioquia,31,1.0723433074080913e-17
Antioquia,32,0.0
Antioquia,33,0.0
Antioquia,34,0.0
Antioquia,35,1.0723433076153105e-17
Antioquia,36,0.0
Antioquia,37,1.0723433077988592e-17
Antioquia,38,0.0
Antioquia,39,0.0
Antioquia,40,1.072343307848006e-17
Antioquia,41,0.0
Antioquia,42,0.0
Antioquia,43,0.0
Antioquia,44,1.0723433081204203e-17
Antioquia,45,0.0
Antioquia,46,0.0
Antioquia,47,0.0
Antioquia,48,0.0
Antioquia,49,0.0
Antioquia,50,0.0
Antioquia,51,1.072343307612101e-17
Antioquia,52,0.0
Antioquia,53,0.0
Antioquia,54,0.0
Antioquia,55,0.0
Antioquia,56,0.0
Antioquia,57,0.0
Antioquia,58,0.0
Antioquia,59,1.0723433080728782e-17
Antioquia,60,1.072343308172175e-17
Antioquia,61,0.0
Antioquia,62,1.0723433082373699e-17
Antioquia,63,0.0
Antioquia,64,1.072343308323427e-17
Antioquia,65,1.0723433083410798e-17
Antioquia,66,1.0723433083055737e-17
Antioquia,67,0.0
Antioquia,68,0.0
Antioquia,69,0.0
Antioquia,70,0.0
Antioquia,71,0.0
Antioquia,72,0.0
Antioquia,73,0.0
Antioquia,74,0.0
Antioquia,75,1.0723433075976578e-17
Antioquia,76,0.0
Antioquia,77,0.0
Antioquia,78,0.0
Antioquia,79,0.0
Antioquia,80,1.0723433072289559e-17
Antioquia,81,0.0
Antioquia,82,1.0723433074720825e-17
Antioquia,83,0.0
Antioquia,84,0.0
Antioquia,85,0.0
Antioquia,86,1.0723433078315569e-17
Antioquia,87,0.0
Antioquia,88,1.072343307824937e-17
Antioquia,89,0.0
Antioquia,90,0.0
Antioquia,91,1.0723433078163114e-17
Antioquia,92,0.0
Antioquia,93,0.0
Antioquia,94,0.0
Antioquia,95,0.0
Antioquia,96,0.0
Antioquia,97,0.0
Antioquia,98,0.0
Antioquia,99,0.0
Antioquia,100,0.0
Antioquia,101,0.0
Antioquia,102,0.0
Antioquia,103,0.0
Antioquia,104,1.0723433076718797e-17
Antioquia,105,0.0
Antioquia,106,0.0
Antioquia,107,0.0
Antioquia,108,1.0723433082463968e-17
Antioquia,109,1.0723433083442893e-17
Antioquia,110,0.0
Antioquia,111,1.0723433083687625e-17
Antioquia,112,1.0723433084313495e-17
Antioquia,113,0.0
Antioquia,114,0.0
Antioquia,115,1.0723433083027652e-17
Antioquia,116,0.0
Antioquia,117,0.0
Antioquia,118,0.0
Antioquia,119,0.0
Antioquia,120,0.0
Antioquia,121,0.0
Antioquia,122,0.0
Antioquia,123,0.0
Antioquia,124,0.0
Antioquia,125,1.0723433073376808e-17
Antioquia,126,0.0
Antioquia,127,0.0
Antioquia,128,1.0723433071168207e-17
Antioquia,129,0.0
Antioquia,130,0.0
Antioquia,131,0.0
Antioquia,132,1.0723433075753912e-17
Antioquia,133,1.0723433076642569e-17
Antioquia,134,1.0723433077246374e-17
Antioquia,135,1.0723433077440955e-17
Antioquia,136,1.0723433077230326e-17
Antioquia,137,1.0723433077071853e-17
Antioquia,138,1.0723433076979576e-17
Antioquia,139,0.0
Antioquia,140,0.0
Antioquia,141,0.0
Antioquia,142,1.0723433081077825e-17
Antioquia,143,0.0
Antioquia,144,0.0
Antioquia,145,0.0
Antioquia,146,0.0
Antioquia,147,0.0
Antioquia,148,0.0
Antioquia,149,0.0
Antioquia,150,1.0723433079882251e-17
Antioquia,151,0.0
Antioquia,152,0.0
Antioquia,153,0.0
Antioquia,154,0.0
Antioquia,155,1.0723433085472961e-17
Antioquia,156,0.0
Antioquia,157,1.0723433087440842e-17
Antioquia,158,0.0
Antioquia,159,1.0723433087745754e-17
Antioquia,160,1.0723433088337523e-17
Antioquia,161,1.072343308845387e-17
Antioquia,162,1.0723433088120876e-17
Antioquia,163,1.072343308779791e-17
Antioquia,164,0.0
Antioquia,165,0.0
Antioquia,166,0.0
Antioquia,167,0.0
Antioquia,168,0.0
Antioquia,169,0.0
Antioquia,170,0.0
Antioquia,171,0.0
Antioquia,172,0.0
Antioquia,173,0.0
Antioquia,174,0.0
Antioquia,175,1.0723433077681674e-17
Antioquia,176,1.0723433076819097e-17
Antioquia,177,1.0723433077852184e-17
Antioquia,178,1.0723433079264405e-17
Antioquia,179,1.072343308052417e-17
Antioquia,180,1.07234330816716e-17
Antioquia,181,1.0723433082664568e-17
Antioquia,182,0.0
Antioquia,183,1.0723433083382714e-17
Antioquia,184,1.072343308320418e-17
Antioquia,185,1.0723433083170079e-17
Antioquia,186,1.0723433083099868e-17
Antioquia,187,0.0
Antioquia,188,1.0723433086879164e-17
Antioquia,189,0.0
Antioquia,190,0.0
Antioquia,191,0.0
Antioquia,192,0.0
Antioquia,193,0.0
Antioquia,194,0.0
Antioquia,195,0.0
Antioquia,196,0.0
Antioquia,197,0.0
Antioquia,198,0.0
Antioquia,199,0.0
Antioquia,200,1.0723433077645567e-17
Antioquia,201,0.0
Antioquia,202,1.0723433079731802e-17
Antioquia,203,0.0
Antioquia,204,0.0
Antioquia,205,0.0
Antioquia,206,1.0723433082345614e-17
Antioquia,207,1.0723433082933371e-17
Antioquia,208,0.0
Antioquia,209,1.072343308452212e-17
Antioquia,210,1.0723433084528138e-17
Antioquia,211,0.0
Antioquia,212,1.0723433085832034e-17
Antioquia,213,0.0
Antioquia,214,0.0
Antioquia,215,0.0
Antioquia,216,1.0723433082307501e-17
Antioquia,217,0.0
Antioquia,218,0.0
Antioquia,219,0.0
Antioquia,220,0.0
Antioquia,221,0.0
Antioquia,222,0.0
Antioquia,223,1.072343308148103e-17
Antioquia,224,1.0723433081274412e-17
Antioquia,225,1.0723433082271392e-17
Antioquia,226,1.072343308381601e-17
Antioquia,227,0.0
Antioquia,228,0.0
Antioquia,229,1.0723433086500031e-17
Antioquia,230,1.0723433086612367e-17
Antioquia,231,0.0
Antioquia,232,1.0723433086602337e-17
Antioquia,233,0.0
Antioquia,234,1.0723433086867128e-17
Antioquia,235,1.0723433086997518e-17
Antioquia,236,0.0
Antioquia,237,0.0
Antioquia,238,0.0
Antioquia,239,1.0723433087288387e-17
Antioquia,240,0.0
Antioquia,241,0.0
Antioquia,242,0.0
Antioquia,243,0.0
Antioquia,244,0.0
Antioquia,245,0.0
Antioquia,246,1.072343307562954e-17
Antioquia,247,1.0723433076494126e-17
Antioquia,248,1.0723433076468047e-17
Antioquia,249,1.0723433077541256e-17
Antioquia,250,1.0723433078702727e-17
Antioquia,251,0.0
Antioquia,252,0.0
Antioquia,253,1.0723433081079831e-17
Antioquia,254,0.0
Antioquia,255,0.0
Antioquia,256,0.0
Antioquia,257,0.0
Antioquia,258,1.072343308263849e-17
Antioquia,259,1.0723433082102888e-17
Antioquia,260,0.0
Antioquia,261,0.0
Antioquia,262,0.0
Antioquia,263,0.0
Antioquia,264,0.0
Antioquia,265,1.0723433084427837e-17
Antioquia,266,0.0
Antioquia,267,0.0
Antioquia,268,0.0
Antioquia,269,0.0
Antioquia,270,0.0
Antioquia,271,0.0
Antioquia,272,0.0
Antioquia,273,0.0
Antioquia,274,0.0
Antioquia,275,1.0723433085625417e-17
Antioquia,276,0.0
Antioquia,277,1.0723433087633418e-17
Antioquia,278,1.0723433087470933e-17
Antioquia,279,1.072343308810884e-17
Antioquia,280,0.0
Antioquia,281,0.0
Antioquia,282,1.072343308961133e-17
Antioquia,283,1.0723433088576236e-17
Antioquia,284,0.0
Antioquia,285,0.0
Antioquia,286,0.0
Antioquia,287,0.0
Antioquia,288,0.0
Antioquia,289,0.0
Antioquia,290,0.0
Antioquia,291,0.0
Antioquia,292,0.0
Antioquia,293,0.0
Antioquia,294,1.0723433075358732e-17
Antioquia,295,1.0723433076016699e-17
Antioquia,296,1.072343307609092e-17
Antioquia,297,1.0723433077501135e-17
Antioquia,298,1.0723433078943445e-17
Antioquia,299,0.0
Antioquia,300,1.0723433080937405e-17
Antioquia,301,1.0723433081874205e-17
Antioquia,302,1.0723433081974504e-17
Antioquia,303,1.0723433082455944e-17
Antioquia,304,1.0723433083148012e-17
Antioquia,305,0.0
Antioquia,306,1.072343308339475e-17
Antioquia,307,0.0
Antioquia,308,0.0
Antioquia,309,0.0
Antioquia,310,1.0723433085316494e-17
Antioquia,311,0.0
Antioquia,312,0.0
Antioquia,313,0.0
Antioquia,314,0.0
Antioquia,315,0.0
Antioquia,316,0.0
Antioquia,317,1.0723433079791982e-17
Antioquia,318,1.0723433080074827e-17
Antioquia,319,1.0723433081374713e-17
Antioquia,320,0.0
Antioquia,321,1.0723433083737775e-17
Antioquia,322,0.0
Antioquia,323,1.0723433086518084e-17
Antioquia,324,1.0723433087870126e-17
Antioquia,325,0.0
Antioquia,326,1.0723433088957375e-17
Antioquia,327,1.072343308976178e-17
Antioquia,328,0.0
Antioquia,329,0.0
Antioquia,330,1.0723433091165976e-17
Antioquia,331,0.0
Antioquia,332,0.0
Antioquia,333,0.0
Antioquia,334,0.0
Antioquia,335,0.0
Antioquia,336,0.0
Antioquia,337,0.0
Antioquia,338,0.0
Antioquia,339,0.0
Antioquia,340,0.0
Antioquia,341,0.0
Antioquia,342,1.0723433079874227e-17
Antioquia,343,1.0723433080552254e-17
Antioquia,344,1.0723433080686657e-17
Antioquia,345,1.072343308197651e-17
Antioquia,346,1.0723433083244301e-17
Antioquia,347,1.0723433084060741e-17
Antioquia,348,1.0723433085019606e-17
Antioquia,349,1.0723433085852095e-17
Antioquia,350,1.0723433085992514e-17
Antioquia,351,0.0
Antioquia,352,0.0
Antioquia,353,0.0
Antioquia,354,1.0723433087486981e-17
Antioquia,355,1.0723433087412759e-17
Antioquia,356,0.0
Antioquia,357,0.0
Antioquia,358,0.0
Antioquia,359,0.0
Antioquia,360,0.0
Antioquia,361,1.0723433094006467e-17
Antioquia,362,1.0723433091787835e-17
Antioquia,363,1.0723433090389657e-17
Antioquia,364,1.0723433089362586e-17
Antioquia,365,0.0
Antioquia,366,1.0723433088971417e-17
Antioquia,367,1.072343309035756e-17
Antioquia,368,1.0723433090885137e-17
Antioquia,369,1.0723433092658437e-17
Antioquia,370,1.072343309447587e-17
Antioquia,371,0.0
Antioquia,372,1.0723433096796806e-17
Antioquia,373,1.072343309795226e-17
Antioquia,374,1.0723433098034505e-17
Antioquia,375,1.0723433098816843e-17
Antioquia,376,1.0723433100148824e-17
Antioquia,377,1.0723433100712509e-17
Antioquia,378,1.0723433100377508e-17
Antioquia,379,1.0723433099976309e-17
Antioquia,380,0.0
Antioquia,381,0.0
Antioquia,382,0.0
Antioquia,383,0.0
Antioquia,384,0.0
Nordeste,1,0.0
Nordeste,2,0.0
Nordeste,3,0.0
Nordeste,4,0.0
Nordeste,5,0.0
Nordeste,6,1.0723433089803906e-17
Nordeste,7,1.0723433091121844e-17
Nordeste,8,1.0723433091759751e-17
Nordeste,9,1.0723433093669458e-17
Nordeste,10,1.0723433095761713e-17
Nordeste,11,1.0723433097041538e-17
Nordeste,12,1.0723433098393578e-17
Nordeste,13,1.0723433099549031e-17
Nordeste,14,1.072343309945475e-17
Nordeste,15,1.0723433099733583e-17
Nordeste,16,1.0723433100405592e-17
Nordeste,17,1.0723433100544005e-17
Nordeste,18,1.072343309996026e-17
Nordeste,19,0.0
Nordeste,20,0.0
Nordeste,21,0.0
Nordeste,22,0.0
Nordeste,23,0.0
Nordeste,24,0.0
Nordeste,25,0.0
Nordeste,26,0.0
Nordeste,27,0.0
Nordeste,28,0.0
Nordeste,29,0.0
Nordeste,30,1.0723433086849075e-17
Nordeste,31,1.0723433086427815e-17
Nordeste,32,1.0723433085180085e-17
Nordeste,33,1.0723433086030628e-17
Nordeste,34,1.0723433087727701e-17
Nordeste,35,1.0723433089268305e-17
Nordeste,36,1.0723433090520047e-17
Nordeste,37,1.072343309162535e-17
Nordeste,38,1.0723433092183016e-17
Nordeste,39,1.0723433092269275e-17
Nordeste,40,1.0723433092098764e-17
Nordeste,41,1.0723433091986428e-17
Nordeste,42,1.0723433091868074e-17
Nordeste,43,0.0
Nordeste,44,0.0
Nordeste,45,0.0
Nordeste,46,0.0
Nordeste,47,0.0
Nordeste,48,0.0
Nordeste,49,0.0
Nordeste,50,0.0
Nordeste,51,0.0
Nordeste,52,0.0
Nordeste,53,0.0
Nordeste,54,1.0723433089733696e-17
Nordeste,55,1.0723433091338493e-17
Nordeste,56,1.0723433091876099e-17
Nordeste,57,1.0723433093755717e-17
Nordeste,58,1.0723433095701533e-17
Nordeste,59,1.0723433096911148e-17
Nordeste,60,1.0723433098303309e-17
Nordeste,61,1.0723433099422655e-17
Nordeste,62,1.0723433099173911e-17
Nordeste,63,1.0723433099549031e-17
Nordeste,64,1.0723433100241101e-17
Nordeste,65,1.072343310041161e-17
Nordeste,66,1.072343309984993e-17
Nordeste,67,1.0723433098760676e-17
Nordeste,68,0.0
Nordeste,69,0.0
Nordeste,70,0.0
Nordeste,71,1.0723433098702502e-17
Nordeste,72,0.0
Nordeste,73,0.0
Nordeste,74,0.0
Nordeste,75,0.0
Nordeste,76,0.0
Nordeste,77,0.0
Nordeste,78,1.0723433086686588e-17
Nordeste,79,1.072343308609482e-17
Nordeste,80,1.072343308513796e-17
Nordeste,81,1.0723433086417785e-17
Nordeste,82,1.0723433088090785e-17
Nordeste,83,1.072343308962136e-17
Nordeste,84,1.0723433090893161e-17
Nordeste,85,1.072343309199044e-17
Nordeste,86,1.0723433092550114e-17
Nordeste,87,1.0723433092674486e-17
Nordeste,88,1.0723433092345502e-17
Nordeste,89,1.0723433092132867e-17
Nordeste,90,1.0723433091964363e-17
Nordeste,91,1.0723433092076699e-17
Nordeste,92,0.0
Nordeste,93,0.0
Nordeste,94,0.0
Nordeste,95,0.0
Nordeste,96,0.0
Nordeste,97,0.0
Nordeste,98,0.0
Nordeste,99,0.0
Nordeste,100,0.0
Nordeste,101,0.0
Nordeste,102,1.0723433090459867e-17
Nordeste,103,1.0723433091723643e-17
Nordeste,104,1.07234330924117e-17
Nordeste,105,1.0723433094632337e-17
Nordeste,106,1.0723433096846956e-17
Nordeste,107,1.0723433098265194e-17
Nordeste,108,1.0723433099888046e-17
Nordeste,109,1.0723433101179906e-17
Nordeste,110,1.0723433100995355e-17
Nordeste,111,1.0723433101412601e-17
Nordeste,112,1.072343310217488e-17
Nordeste,113,1.0723433102251108e-17
Nordeste,114,1.072343310165332e-17
Nordeste,115,1.0723433100305291e-17
Nordeste,116,0.0
Nordeste,117,0.0
Nordeste,118,0.0
Nordeste,119,0.0
Nordeste,120,0.0
Nordeste,121,0.0
Nordeste,122,0.0
Nordeste,123,0.0
Nordeste,124,0.0
Nordeste,125,0.0
Nordeste,126,1.0723433086979463e-17
Nordeste,127,1.0723433086319492e-17
Nordeste,128,1.072343308527838e-17
Nordeste,129,1.07234330865903e-17
Nordeste,130,1.0723433088267313e-17
Nordeste,131,1.0723433089697588e-17
Nordeste,132,1.0723433090903191e-17
Nordeste,133,1.0723433091972387e-17
Nordeste,134,1.0723433092678496e-17
Nordeste,135,1.0723433092863048e-17
Nordeste,136,1.0723433092538078e-17
Nordeste,137,1.0723433092275291e-17
Nordeste,138,1.0723433092088735e-17
Nordeste,139,1.0723433092183016e-17
Nordeste,140,0.0
Nordeste,141,0.0
Nordeste,142,0.0
Nordeste,143,0.0
Nordeste,144,0.0
Nordeste,145,0.0
Nordeste,146,0.0
Nordeste,147,0.0
Nordeste,148,0.0
Nordeste,149,0.0
Nordeste,150,1.0723433093149906e-17
Nordeste,151,1.0723433094423712e-17
Nordeste,152,1.0723433095139853e-17
Nordeste,153,1.0723433097330401e-17
Nordeste,154,1.0723433099498881e-17
Nordeste,155,1.0723433100909097e-17
Nordeste,156,1.0723433102487815e-17
Nordeste,157,1.0723433103731533e-17
Nordeste,158,1.0723433103619196e-17
Nordeste,159,1.0723433104076564e-17
Nordeste,160,1.0723433104838843e-17
Nordeste,161,1.0723433104933124e-17
Nordeste,162,1.0723433104391505e-17
Nordeste,163,0.0
Nordeste,164,0.0
Nordeste,165,0.0
Nordeste,166,0.0
Nordeste,167,0.0
Nordeste,168,0.0
Nordeste,169,0.0
Nordeste,170,0.0
Nordeste,171,0.0
Nordeste,172,0.0
Nordeste,173,0.0
Nordeste,174,1.0723433090277321e-17
Nordeste,175,1.0723433089667498e-17
Nordeste,176,1.0723433088722673e-17
Nordeste,177,1.0723433089978427e-17
Nordeste,178,1.0723433091703583e-17
Nordeste,179,1.0723433093272271e-17
Nordeste,180,1.0723433094722606e-17
Nordeste,181,1.072343309597836e-17
Nordeste,182,1.0723433096668422e-17
Nordeste,183,1.0723433096820877e-17
Nordeste,184,1.0723433096525996e-17
Nordeste,185,1.0723433096415666e-17
Nordeste,186,1.0723433096265217e-17
Nordeste,187,0.0
Nordeste,188,0.0
Nordeste,189,0.0
Nordeste,190,0.0
Nordeste,191,0.0
Nordeste,192,0.0
Nordeste,193,0.0
Nordeste,194,0.0
Nordeste,195,0.0
Nordeste,196,0.0
Nordeste,197,0.0
Nordeste,198,1.0723433090969389e-17
Nordeste,199,1.0723433092237178e-17
Nordeste,200,1.0723433092229154e-17
Nordeste,201,1.0723433093328439e-17
Nordeste,202,1.0723433094895122e-17
Nordeste,203,1.0723433095833928e-17
Nordeste,204,1.0723433097017466e-17
Nordeste,205,1.0723433098196991e-17
Nordeste,206,1.0723433098419657e-17
Nordeste,207,1.0723433099230079e-17
Nordeste,208,1.0723433100529964e-17
Nordeste,209,1.0723433101286225e-17
Nordeste,210,1.072343310121802e-17
Nordeste,211,0.0
Nordeste,212,0.0
Nordeste,213,0.0
Nordeste,214,0.0
Nordeste,215,0.0
Nordeste,216,0.0
Nordeste,217,0.0
Nordeste,218,0.0
Nordeste,219,0.0
Nordeste,220,0.0
Nordeste,221,0.0
Nordeste,222,1.0723433094782786e-17
Nordeste,223,1.0723433095274256e-17
Nordeste,224,1.0723433094957308e-17
Nordeste,225,1.0723433096128809e-17
Nordeste,226,1.0723433098014446e-17
Nordeste,227,1.072343309923409e-17
Nordeste,228,1.0723433100455742e-17
Nordeste,229,1.0723433101490835e-17
Nordeste,230,1.0723433101707482e-17
Nordeste,231,1.0723433101765656e-17
Nordeste,232,1.072343310183386e-17
Nordeste,233,1.0723433102299251e-17
Nordeste,234,1.072343310220497e-17
Nordeste,235,0.0
Nordeste,236,0.0
Nordeste,237,0.0
Nordeste,238,0.0
Nordeste,239,0.0
Nordeste,240,0.0
Nordeste,241,0.0
Nordeste,242,0.0
Nordeste,243,0.0
Nordeste,244,0.0
Nordeste,245,0.0
Nordeste,246,1.0723433090124864e-17
Nordeste,247,1.0723433091220139e-17
Nordeste,248,1.0723433091186036e-17
Nordeste,249,1.0723433092584215e-17
Nordeste,250,1.0723433094136855e-17
Nordeste,251,1.0723433095129823e-17
Nordeste,252,1.072343309635348e-17
Nordeste,253,1.0723433097474832e-17
Nordeste,254,1.072343309758115e-17
Nordeste,255,1.0723433098233099e-17
Nordeste,256,1.0723433099151844e-17
Nordeste,257,1.0723433099701488e-17
Nordeste,258,1.0723433099559061e-17
Nordeste,259,1.0723433098774718e-17
Nordeste,260,0.0
Nordeste,261,0.0
Nordeste,262,1.072343310108763e-17
Nordeste,263,0.0
Nordeste,264,0.0
Nordeste,265,0.0
Nordeste,266,0.0
Nordeste,267,0.0
Nordeste,268,0.0
Nordeste,269,0.0
Nordeste,270,1.0723433093827933e-17
Nordeste,271,1.0723433095719586e-17
Nordeste,272,1.0723433095930216e-17
Nordeste,273,1.0723433097569114e-17
Nordeste,274,1.0723433099230079e-17
Nordeste,275,1.0723433100204992e-17
Nordeste,276,1.0723433101655327e-17
Nordeste,277,1.0723433102955212e-17
Nordeste,278,1.0723433102782697e-17
Nordeste,279,1.0723433103725515e-17
Nordeste,280,1.0723433105338335e-17
Nordeste,281,1.0723433106124684e-17
Nordeste,282,1.0723433105837827e-17
Nordeste,283,1.0723433104373452e-17
Nordeste,284,0.0
Nordeste,285,0.0
Nordeste,286,0.0
Nordeste,287,0.0
Nordeste,288,0.0
Nordeste,289,0.0
Nordeste,290,0.0
Nordeste,291,0.0
Nordeste,292,0.0
Nordeste,293,0.0
Nordeste,294,1.0723433090853041e-17
Nordeste,295,1.0723433091623344e-17
Nordeste,296,1.0723433091687536e-17
Nordeste,297,1.0723433093406674e-17
Nordeste,298,1.0723433095204045e-17
Nordeste,299,1.0723433096373541e-17
Nordeste,300,1.072343309777172e-17
Nordeste,301,1.0723433099037503e-17
Nordeste,302,1.0723433099199988e-17
Nordeste,303,1.0723433099869991e-17
Nordeste,304,1.0723433100804785e-17
Nordeste,305,1.0723433101260146e-17
Nordeste,306,1.0723433101093649e-17
Nordeste,307,1.0723433100122747e-17
Nordeste,308,0.0
Nordeste,309,0.0
Nordeste,310,0.0
Nordeste,311,0.0
Nordeste,312,0.0
Nordeste,313,0.0
Nordeste,314,0.0
Nordeste,315,0.0
Nordeste,316,0.0
Nordeste,317,0.0
Nordeste,318,1.0723433095454795e-17
Nordeste,319,1.0723433096923184e-17
Nordeste,320,1.0723433097500911e-17
Nordeste,321,1.0723433099591158e-17
Nordeste,322,1.0723433101657333e-17
Nordeste,323,1.0723433102844883e-17
Nordeste,324,1.0723433104501834e-17
Nordeste,325,1.0723433105944146e-17
Nordeste,326,1.0723433105956181e-17
Nordeste,327,1.0723433107041426e-17
Nordeste,328,1.0723433108820743e-17
Nordeste,329,1.0723433109372392e-17
Nordeste,330,1.0723433108909008e-17
Nordeste,331,1.0723433107037413e-17
Nordeste,332,0.0
Nordeste,333,0.0
Nordeste,334,0.0
Nordeste,335,0.0
Nordeste,336,0.0
Nordeste,337,0.0
Nordeste,338,0.0
Nordeste,339,0.0
Nordeste,340,1.0723433093537064e-17
Nordeste,341,0.0
Nordeste,342,1.0723433093378589e-17
Nordeste,343,1.072343309422512e-17
Nordeste,344,1.0723433094363534e-17
Nordeste,345,1.0723433096042552e-17
Nordeste,346,1.072343309775166e-17
Nordeste,347,1.0723433098887054e-17
Nordeste,348,1.0723433100265172e-17
Nordeste,349,1.072343310149886e-17
Nordeste,350,1.0723433101729549e-17
Nordeste,351,1.0723433102477785e-17
Nordeste,352,1.0723433103474765e-17
Nordeste,353,1.072343310397827e-17
Nordeste,354,1.0723433103859916e-17
Nordeste,355,0.0
Nordeste,356,0.0
Nordeste,357,0.0
Nordeste,358,0.0
Nordeste,359,0.0
Nordeste,360,0.0
Nordeste,361,0.0
Nordeste,362,0.0
Nordeste,363,0.0
Nordeste,364,0.0
Nordeste,365,0.0
Nordeste,366,1.072343310119796e-17
Nordeste,367,1.0723433102836859e-17
Nordeste,368,1.0723433103404555e-17
Nordeste,369,1.0723433105544952e-17
Nordeste,370,1.0723433107825769e-17
Nordeste,371,1.0723433109137691e-17
Nordeste,372,1.0723433110872877e-17
Nordeste,373,1.0723433112499739e-17
Nordeste,374,1.0723433112688303e-17
Nordeste,375,1.0723433113869833e-17
Nordeste,376,1.0723433115797595e-17
Nordeste,377,1.0723433116616041e-17
Nordeste,378,1.0723433116146638e-17
Nordeste,379,0.0
Nordeste,380,0.0
Nordeste,381,0.0
Nordeste,382,0.0
Nordeste,383,0.0
Nordeste,384,0.0
Oriental,1,0.0
Oriental,2,0.0
Oriental,3,0.0
Oriental,4,0.0
Oriental,5,0.0
Oriental,6,1.0723433102882996e-17
Oriental,7,1.0723433104132732e-17
Oriental,8,1.0723433104676356e-17
Oriental,9,1.072343310635337e-17
Oriental,10,1.0723433108138705e-17
Oriental,11,1.0723433109189847e-17
Oriental,12,1.0723433110301168e-17
Oriental,13,1.0723433111256021e-17
Oriental,14,1.0723433111205872e-17
Oriental,15,1.0723433111480693e-17
Oriental,16,1.072343311208851e-17
Oriental,17,1.0723433112261025e-17
Oriental,18,1.0723433111839766e-17
Oriental,19,0.0
Oriental,20,0.0
Oriental,21,0.0
Oriental,22,0.0
Oriental,23,0.0
Oriental,24,0.0
Oriental,25,0.0
Oriental,26,0.0
Oriental,27,0.0
Oriental,28,0.0
Oriental,29,0.0
Oriental,30,1.0723433100798767e-17
Oriental,31,1.0723433100385532e-17
Oriental,32,1.0723433099079628e-17
Oriental,33,1.0723433099874003e-17
Oriental,34,1.0723433101484817e-17
Oriental,35,1.0723433102909075e-17
Oriental,36,1.0723433104040455e-17
Oriental,37,1.072343310503543e-17
Oriental,38,1.0723433105554982e-17
Oriental,39,1.072343310567133e-17
Oriental,40,1.0723433105577049e-17
Oriental,41,1.0723433105538935e-17
Oriental,42,1.0723433105484772e-17
Oriental,43,0.0
Oriental,44,0.0
Oriental,45,0.0
Oriental,46,0.0
Oriental,47,0.0
Oriental,48,0.0
Oriental,49,0.0
Oriental,50,0.0
Oriental,51,0.0
Oriental,52,1.0723433101380506e-17
Oriental,53,0.0
Oriental,54,1.0723433102297245e-17
Oriental,55,1.0723433103811772e-17
Oriental,56,1.0723433104265127e-17
Oriental,57,1.0723433105898007e-17
Oriental,58,1.0723433107512835e-17
Oriental,59,1.0723433108469694e-17
Oriental,60,1.0723433109558949e-17
Oriental,61,1.072343311042554e-17
Oriental,62,1.0723433110257035e-17
Oriental,63,1.0723433110588026e-17
Oriental,64,1.0723433111167758e-17
Oriental,65,1.0723433111348298e-17
Oriental,66,1.0723433110965152e-17
Oriental,67,1.0723433110142694e-17
Oriental,68,1.0723433110762547e-17
Oriental,69,1.0723433111420513e-17
Oriental,70,1.0723433110662246e-17
Oriental,71,1.0723433109165774e-17
Oriental,72,1.0723433107091575e-17
Oriental,73,1.0723433103581083e-17
Oriental,74,1.07234331033865e-17
Oriental,75,1.0723433102026437e-17
Oriental,76,1.0723433100925145e-17
Oriental,77,1.0723433100102687e-17
Oriental,78,1.072343310028122e-17
Oriental,79,1.0723433099643314e-17
Oriental,80,1.0723433098570106e-17
Oriental,81,1.0723433099874003e-17
Oriental,82,1.0723433101547003e-17
Oriental,83,1.0723433103023416e-17
Oriental,84,1.0723433104223001e-17
Oriental,85,1.072343310523603e-17
Oriental,86,1.0723433105759594e-17
Oriental,87,1.0723433105910043e-17
Oriental,88,1.072343310567133e-17
Oriental,89,1.0723433105536929e-17
Oriental,90,1.072343310543061e-17
Oriental,91,1.0723433105546958e-17
Oriental,92,1.0723433107418552e-17
Oriental,93,1.0723433108489754e-17
Oriental,94,1.0723433108090561e-17
Oriental,95,1.0723433107035407e-17
Oriental,96,1.0723433105446659e-17
Oriental,97,1.0723433104612164e-17
Oriental,98,1.0723433102341377e-17
Oriental,99,1.0723433101021432e-17
Oriental,100,1.0723433100056549e-17
Oriental,101,1.0723433099593164e-17
Oriental,102,1.0723433101031463e-17
Oriental,103,1.072343310230527e-17
Oriental,104,1.0723433102949194e-17
Oriental,105,1.0723433105099621e-17
Oriental,106,1.0723433107181844e-17
Oriental,107,1.0723433108469694e-17
Oriental,108,1.0723433109922034e-17
Oriental,109,1.0723433111059435e-17
Oriental,110,1.072343311092102e-17
Oriental,111,1.072343311133225e-17
Oriental,112,1.0723433112044378e-17
Oriental,113,1.0723433112166744e-17
Oriental,114,1.0723433111707371e-17
Oriental,115,1.0723433110543894e-17
Oriental,116,1.0723433111179795e-17
Oriental,117,1.072343311241348e-17
Oriental,118,1.0723433111591024e-17
Oriental,119,1.0723433109741495e-17
Oriental,120,1.0723433107137713e-17
Oriental,121,1.0723433101721525e-17
Oriental,122,1.0723433101266164e-17
Oriental,123,1.0723433099799781e-17
Oriental,124,1.0723433098602202e-17
Oriental,125,1.0723433097685461e-17
Oriental,126,1.0723433097996391e-17
Oriental,127,1.0723433097276238e-17
Oriental,128,1.072343309609872e-17
Oriental,129,1.0723433097442737e-17
Oriental,130,1.0723433099173911e-17
Oriental,131,1.0723433100644306e-17
Oriental,132,1.0723433101882004e-17
Oriental,133,1.0723433102985302e-17
Oriental,134,1.0723433103723509e-17
Oriental,135,1.072343310395821e-17
Oriental,136,1.0723433103685394e-17
Oriental,137,1.0723433103476771e-17
Oriental,138,1.0723433103348387e-17
Oriental,139,1.0723433103458717e-17
Oriental,140,1.0723433105494802e-17
Oriental,141,1.0723433107362384e-17
Oriental,142,1.0723433106947143e-17
Oriental,143,1.0723433105809744e-17
Oriental,144,1.0723433103883988e-17
Oriental,145,1.0723433110337276e-17
Oriental,146,1.072343310845164e-17
Oriental,147,1.0723433107330289e-17
Oriental,148,1.0723433106527891e-17
Oriental,149,1.0723433106120674e-17
Oriental,150,1.0723433107322265e-17
Oriental,151,1.0723433108465682e-17
Oriental,152,1.0723433109051432e-17
Oriental,153,1.0723433110858834e-17
Oriental,154,1.0723433112549889e-17
Oriental,155,1.0723433113595012e-17
Oriental,156,1.0723433114756484e-17
Oriental,157,1.0723433115669211e-17
Oriental,158,1.0723433115609031e-17
Oriental,159,1.0723433115988165e-17
Oriental,160,1.0723433116593976e-17
Oriental,161,1.0723433116716341e-17
Oriental,162,1.0723433116377328e-17
Oriental,163,1.0723433115396396e-17
Oriental,164,1.0723433116754456e-17
Oriental,165,1.072343311669227e-17
Oriental,166,1.0723433115897896e-17
Oriental,167,1.0723433114395404e-17
Oriental,168,1.0723433112337254e-17
Oriental,169,1.0723433109625147e-17
Oriental,170,1.0723433108854846e-17
Oriental,171,1.072343310752487e-17
Oriental,172,1.0723433106369416e-17
Oriental,173,1.0723433105316268e-17
Oriental,174,1.0723433105546958e-17
Oriental,175,1.0723433104893005e-17
Oriental,176,1.0723433103835845e-17
Oriental,177,1.072343310510564e-17
Oriental,178,1.0723433106816754e-17
Oriental,179,1.0723433108319245e-17
Oriental,180,1.0723433109671286e-17
Oriental,181,1.0723433110826739e-17
Oriental,182,1.0723433111466652e-17
Oriental,183,1.0723433111647192e-17
Oriental,184,1.0723433111446591e-17
Oriental,185,1.072343311140246e-17
Oriental,186,1.072343311132222e-17
Oriental,187,1.0723433111498747e-17
Oriental,188,1.0723433114212858e-17
Oriental,189,1.072343311474846e-17
Oriental,190,1.0723433114297111e-17
Oriental,191,1.072343311326603e-17
Oriental,192,0.0
Oriental,193,0.0
Oriental,194,0.0
Oriental,195,0.0
Oriental,196,0.0
Oriental,197,0.0
Oriental,198,1.072343310396824e-17
Oriental,199,1.0723433105217975e-17
Oriental,200,1.0723433105314262e-17
Oriental,201,1.0723433106429596e-17
Oriental,202,1.0723433107901997e-17
Oriental,203,1.0723433108768587e-17
Oriental,204,1.0723433109785628e-17
Oriental,205,1.0723433110744493e-17
Oriental,206,1.0723433110874883e-17
Oriental,207,1.072343311146264e-17
Oriental,208,1.0723433112429529e-17
Oriental,209,1.0723433112969142e-17
Oriental,210,1.0723433112878871e-17
Oriental,211,0.0
Oriental,212,0.0
Oriental,213,0.0
Oriental,214,0.0
Oriental,215,0.0
Oriental,216,0.0
Oriental,217,0.0
Oriental,218,0.0
Oriental,219,0.0
Oriental,220,0.0
Oriental,221,0.0
Oriental,222,1.0723433109759549e-17
Oriental,223,1.0723433110301168e-17
Oriental,224,1.072343311011461e-17
Oriental,225,1.0723433111326231e-17
Oriental,226,1.0723433113115579e-17
Oriental,227,1.0723433114236931e-17
Oriental,228,1.072343311528406e-17
Oriental,229,1.0723433116108525e-17
Oriental,230,1.0723433116216849e-17
Oriental,231,1.0723433116172717e-17
Oriental,232,1.0723433116124573e-17
Oriental,233,1.0723433116405413e-17
Oriental,234,1.0723433116279035e-17
Oriental,235,0.0
Oriental,236,0.0
Oriental,237,0.0
Oriental,238,0.0
Oriental,239,0.0
Oriental,240,0.0
Oriental,241,0.0
Oriental,242,0.0
Oriental,243,0.0
Oriental,244,0.0
Oriental,245,0.0
Oriental,246,1.0723433102588115e-17
Oriental,247,1.0723433103671353e-17
Oriental,248,1.0723433103731533e-17
Oriental,249,1.072343310509561e-17
Oriental,250,1.0723433106521873e-17
Oriental,251,1.0723433107398493e-17
Oriental,252,1.0723433108399484e-17
Oriental,253,1.0723433109266073e-17
Oriental,254,1.0723433109300176e-17
Oriental,255,1.0723433109749519e-17
Oriental,256,1.0723433110387425e-17
Oriental,257,1.0723433110758535e-17
Oriental,258,1.0723433110620121e-17
Oriental,259,1.0723433110016317e-17
Oriental,260,0.0
Oriental,261,0.0
Oriental,262,0.0
Oriental,263,0.0
Oriental,264,0.0
Oriental,265,0.0
Oriental,266,0.0
Oriental,267,0.0
Oriental,268,0.0
Oriental,269,0.0
Oriental,270,1.072343310903739e-17
Oriental,271,1.0723433110945093e-17
Oriental,272,1.0723433111233956e-17
Oriental,273,1.0723433112850788e-17
Oriental,274,1.0723433114409447e-17
Oriental,275,1.0723433115290079e-17
Oriental,276,1.0723433116495682e-17
Oriental,277,1.0723433117502692e-17
Oriental,278,1.0723433117316134e-17
Oriental,279,1.0723433117978113e-17
Oriental,280,1.0723433119137578e-17
Oriental,281,1.0723433119677192e-17
Oriental,282,1.0723433119446502e-17
Oriental,283,1.072343311833518e-17
Oriental,284,0.0
Oriental,285,0.0
Oriental,286,0.0
Oriental,287,0.0
Oriental,288,0.0
Oriental,289,0.0
Oriental,290,0.0
Oriental,291,0.0
Oriental,292,0.0
Oriental,293,0.0
Oriental,294,1.0723433101372482e-17
Oriental,295,1.0723433102227035e-17
Oriental,296,1.0723433102407575e-17
Oriental,297,1.0723433104237044e-17
Oriental,298,1.0723433106074535e-17
Oriental,299,1.0723433107248042e-17
Oriental,300,1.072343310856197e-17
Oriental,301,1.0723433109675297e-17
Oriental,302,1.0723433109759549e-17
Oriental,303,1.0723433110269072e-17
Oriental,304,1.0723433110993237e-17
Oriental,305,1.0723433111312189e-17
Oriental,306,1.0723433111113596e-17
Oriental,307,1.0723433110251019e-17
Oriental,308,0.0
Oriental,309,0.0
Oriental,310,0.0
Oriental,311,0.0
Oriental,312,0.0
Oriental,313,0.0
Oriental,314,0.0
Oriental,315,0.0
Oriental,316,0.0
Oriental,317,0.0
Oriental,318,1.072343310822095e-17
Oriental,319,1.0723433109777603e-17
Oriental,320,1.0723433110463654e-17
Oriental,321,1.0723433112636147e-17
Oriental,322,1.0723433114722382e-17
Oriental,323,1.0723433115915949e-17
Oriental,324,1.0723433117476613e-17
Oriental,325,1.0723433118754432e-17
Oriental,326,1.0723433118698264e-17
Oriental,327,1.0723433119570873e-17
Oriental,328,1.0723433121029231e-17
Oriental,329,1.072343312143043e-17
Oriental,330,1.07234331209851e-17
Oriental,331,1.0723433119330154e-17
Oriental,332,0.0
Oriental,333,0.0
Oriental,334,0.0
Oriental,335,0.0
Oriental,336,0.0
Oriental,337,0.0
Oriental,338,0.0
Oriental,339,0.0
Oriental,340,0.0
Oriental,341,0.0
Oriental,342,1.072343310736439e-17
Oriental,343,1.0723433108172806e-17
Oriental,344,1.0723433108369394e-17
Oriental,345,1.0723433109895957e-17
Oriental,346,1.0723433111358328e-17
Oriental,347,1.0723433112295127e-17
Oriental,348,1.0723433113356299e-17
Oriental,349,1.0723433114250973e-17
Oriental,350,1.0723433114381363e-17
Oriental,351,1.0723433114872831e-17
Oriental,352,1.0723433115548853e-17
Oriental,353,1.0723433115869811e-17
Oriental,354,1.0723433115767506e-17
Oriental,355,0.0
Oriental,356,0.0
Oriental,357,0.0
Oriental,358,0.0
Oriental,359,0.0
Oriental,360,0.0
Oriental,361,0.0
Oriental,362,0.0
Oriental,363,0.0
Oriental,364,0.0
Oriental,365,0.0
Oriental,366,1.072343311836527e-17
Oriental,367,1.0723433119974078e-17
Oriental,368,1.0723433120595937e-17
Oriental,369,1.0723433122630017e-17
Oriental,370,1.0723433124686162e-17
Oriental,371,1.0723433125841616e-17
Oriental,372,1.0723433127259854e-17
Oriental,373,1.0723433128511596e-17
Oriental,374,1.0723433128591834e-17
Oriental,375,1.0723433129420311e-17
Oriental,376,1.0723433130798431e-17
Oriental,377,1.0723433131364121e-17
Oriental,378,1.0723433131001036e-17
Oriental,379,0.0
Oriental,380,0.0
Oriental,381,0.0
Oriental,382,0.0
Oriental,383,0.0
Oriental,384,0.0
Surocciden,1,0.0
Surocciden,2,0.0
Surocciden,3,0.0
Surocciden,4,0.0
Surocciden,5,0.0
Surocciden,6,0.0
Surocciden,7,0.0
Surocciden,8,0.0
Surocciden,9,0.0
Surocciden,10,0.0
Surocciden,11,0.0
Surocciden,12,0.0
Surocciden,13,0.0
Surocciden,14,0.0
Surocciden,15,0.0
Surocciden,16,0.0
Surocciden,17,0.0
Surocciden,18,0.0
Surocciden,19,0.0
Surocciden,20,0.0
Surocciden,21,0.0
Surocciden,22,0.0
Surocciden,23,0.0
Surocciden,24,0.0
Surocciden,25,0.0
Surocciden,26,0.0
Surocciden,27,0.0
Surocciden,28,0.0
Surocciden,29,0.0
Surocciden,30,0.0
Surocciden,31,0.0
Surocciden,32,0.0
Surocciden,33,0.0
Surocciden,34,0.0
Surocciden,35,0.0
Surocciden,36,0.0
Surocciden,37,0.0
Surocciden,38,0.0
Surocciden,39,0.0
Surocciden,40,0.0
Surocciden,41,0.0
Surocciden,42,0.0
Surocciden,43,0.0
Surocciden,44,0.0
Surocciden,45,0.0
Surocciden,46,0.0
Surocciden,47,0.0
Surocciden,48,0.0
Surocciden,49,0.0
Surocciden,50,0.0
Surocciden,51,0.0
Surocciden,52,0.0
Surocciden,53,0.0
Surocciden,54,0.0
Surocciden,55,0.0
Surocciden,56,0.0
Surocciden,57,0.0
Surocciden,58,0.0
Surocciden,59,0.0
Surocciden,60,0.0
Surocciden,61,0.0
Surocciden,62,0.0
Surocciden,63,0.0
Surocciden,64,0.0
Surocciden,65,0.0
Surocciden,66,0.0
Surocciden,67,0.0
Surocciden,68,0.0
Surocciden,69,0.0
Surocciden,70,0.0
Surocciden,71,0.0
Surocciden,72,0.0
Surocciden,73,0.0
Surocciden,74,0.0
Surocciden,75,0.0
Surocciden,76,0.0
Surocciden,77,0.0
Surocciden,78,0.0
Surocciden,79,0.0
Surocciden,80,0.0
Surocciden,81,0.0
Surocciden,82,0.0
Surocciden,83,0.0
Surocciden,84,0.0
Surocciden,85,0.0
Surocciden,86,0.0
Surocciden,87,0.0
Surocciden,88,0.0
Surocciden,89,0.0
Surocciden,90,0.0
Surocciden,91,0.0
Surocciden,92,0.0
Surocciden,93,0.0
Surocciden,94,0.0
Surocciden,95,0.0
Surocciden,96,0.0
Surocciden,97,0.0
Surocciden,98,0.0
Surocciden,99,0.0
Surocciden,100,0.0
Surocciden,101,0.0
Surocciden,102,0.0
Surocciden,103,0.0
Surocciden,104,0.0
Surocciden,105,0.0
Surocciden,106,0.0
Surocciden,107,0.0
Surocciden,108,0.0
Surocciden,109,0.0
Surocciden,110,0.0
Surocciden,111,0.0
Surocciden,112,0.0
Surocciden,113,0.0
Surocciden,114,0.0
Surocciden,115,0.0
Surocciden,116,0.0
Surocciden,117,0.0
Surocciden,118,0.0
Surocciden,119,0.0
Surocciden,120,0.0
Surocciden,121,0.0
Surocciden,122,0.0
Surocciden,123,0.0
Surocciden,124,0.0
Surocciden,125,0.0
Surocciden,126,0.0
Surocciden,127,0.0
Surocciden,128,0.0
Surocciden,129,0.0
Surocciden,130,0.0
Surocciden,131,0.0
Surocciden,132,0.0
Surocciden,133,0.0
Surocciden,134,0.0
Surocciden,135,0.0
Surocciden,136,0.0
Surocciden,137,0.0
Surocciden,138,0.0
Surocciden,139,0.0
Surocciden,140,0.0
Surocciden,141,0.0
Surocciden,142,0.0
Surocciden,143,0.0
Surocciden,144,0.0
Surocciden,145,0.0
Surocciden,146,0.0
Surocciden,147,0.0
Surocciden,148,0.0
Surocciden,149,0.0
Surocciden,150,0.0
Surocciden,151,0.0
Surocciden,152,0.0
Surocciden,153,0.0
Surocciden,154,0.0
Surocciden,155,0.0
Surocciden,156,0.0
Surocciden,157,0.0
Surocciden,158,0.0
Surocciden,159,0.0
Surocciden,160,0.0
Surocciden,161,0.0
Surocciden,162,0.0
Surocciden,163,0.0
Surocciden,164,0.0
Surocciden,165,0.0
Surocciden,166,0.0
Surocciden,167,0.0
Surocciden,168,0.0
Surocciden,169,0.0
Surocciden,170,0.0
Surocciden,171,0.0
Surocciden,172,0.0
Surocciden,173,0.0
Surocciden,174,0.0
Surocciden,175,0.0
Surocciden,176,0.0
Surocciden,177,0.0
Surocciden,178,0.0
Surocciden,179,0.0
Surocciden,180,0.0
Surocciden,181,0.0
Surocciden,182,0.0
Surocciden,183,0.0
Surocciden,184,0.0
Surocciden,185,0.0
Surocciden,186,0.0
Surocciden,187,0.0
Surocciden,188,0.0
Surocciden,189,0.0
Surocciden,190,0.0
Surocciden,191,0.0
Surocciden,192,0.0
Surocciden,193,0.0
Surocciden,194,0.0
Surocciden,195,0.0
Surocciden,196,0.0
Surocciden,197,0.0
Surocciden,198,0.0
Surocciden,199,0.0
Surocciden,200,0.0
Surocciden,201,0.0
Surocciden,202,0.0
Surocciden,203,0.0
Surocciden,204,0.0
Surocciden,205,0.0
Surocciden,206,0.0
Surocciden,207,0.0
Surocciden,208,0.0
Surocciden,209,0.0
Surocciden,210,0.0
Surocciden,211,0.0
Surocciden,212,0.0
Surocciden,213,0.0
Surocciden,214,0.0
Surocciden,215,0.0
Surocciden,216,0.0
Surocciden,217,0.0
Surocciden,218,0.0
Surocciden,219,0.0
Surocciden,220,0.0
Surocciden,221,0.0
Surocciden,222,0.0
Surocciden,223,0.0
Surocciden,224,0.0
Surocciden,225,0.0
Surocciden,226,0.0
Surocciden,227,0.0
Surocciden,228,0.0
Surocciden,229,0.0
Surocciden,230,0.0
Surocciden,231,0.0
Surocciden,232,0.0
Surocciden,233,0.0
Surocciden,234,0.0
Surocciden,235,0.0
Surocciden,236,0.0
Surocciden,237,0.0
Surocciden,238,0.0
Surocciden,239,0.0
Surocciden,240,0.0
Surocciden,241,0.0
Surocciden,242,0.0
Surocciden,243,0.0
Surocciden,244,0.0
Surocciden,245,0.0
Surocciden,246,0.0
Surocciden,247,0.0
Surocciden,248,0.0
Surocciden,249,0.0
Surocciden,250,0.0
Surocciden,251,0.0
Surocciden,252,0.0
Surocciden,253,0.0
Surocciden,254,0.0
Surocciden,255,0.0
Surocciden,256,0.0
Surocciden,257,0.0
Surocciden,258,0.0
Surocciden,259,0.0
Surocciden,260,0.0
Surocciden,261,0.0
Surocciden,262,0.0
Surocciden,263,0.0
Surocciden,264,0.0
Surocciden,265,0.0
Surocciden,266,0.0
Surocciden,267,0.0
Surocciden,268,0.0
Surocciden,269,0.0
Surocciden,270,0.0
Surocciden,271,0.0
Surocciden,272,0.0
Surocciden,273,0.0
Surocciden,274,0.0
Surocciden,275,0.0
Surocciden,276,0.0
Surocciden,277,0.0
Surocciden,278,0.0
Surocciden,279,0.0
Surocciden,280,0.0
Surocciden,281,0.0
Surocciden,282,0.0
Surocciden,283,0.0
Surocciden,284,0.0
Surocciden,285,0.0
Surocciden,286,0.0
Surocciden,287,0.0
Surocciden,288,0.0
Surocciden,289,0.0
Surocciden,290,0.0
Surocciden,291,0.0
Surocciden,292,0.0
Surocciden,293,0.0
Surocciden,294,0.0
Surocciden,295,0.0
Surocciden,296,0.0
Surocciden,297,0.0
Surocciden,298,0.0
Surocciden,299,0.0
Surocciden,300,0.0
Surocciden,301,0.0
Surocciden,302,0.0
Surocciden,303,0.0
Surocciden,304,0.0
Surocciden,305,0.0
Surocciden,306,0.0
Surocciden,307,0.0
Surocciden,308,0.0
Surocciden,309,0.0
Surocciden,310,0.0
Surocciden,311,0.0
Surocciden,312,0.0
Surocciden,313,0.0
Surocciden,314,0.0
Surocciden,315,0.0
Surocciden,316,0.0
Surocciden,317,0.0
Surocciden,318,0.0
Surocciden,319,0.0
Surocciden,320,0.0
Surocciden,321,0.0
Surocciden,322,0.0
Surocciden,323,0.0
Surocciden,324,0.0
Surocciden,325,0.0
Surocciden,326,0.0
Surocciden,327,0.0
Surocciden,328,0.0
Surocciden,329,0.0
Surocciden,330,0.0
Surocciden,331,0.0
Surocciden,332,0.0
Surocciden,333,0.0
Surocciden,334,0.0
Surocciden,335,0.0
Surocciden,336,0.0
Surocciden,337,0.0
Surocciden,338,0.0
Surocciden,339,0.0
Surocciden,340,0.0
Surocciden,341,0.0
Surocciden,342,0.0
Surocciden,343,0.0
Surocciden,344,0.0
Surocciden,345,0.0
Surocciden,346,0.0
Surocciden,347,0.0
Surocciden,348,0.0
Surocciden,349,0.0
Surocciden,350,0.0
Surocciden,351,0.0
Surocciden,352,0.0
Surocciden,353,0.0
Surocciden,354,0.0
Surocciden,355,0.0
Surocciden,356,0.0
Surocciden,357,0.0
Surocciden,358,0.0
Surocciden,359,0.0
Surocciden,360,0.0
Surocciden,361,0.0
Surocciden,362,0.0
Surocciden,363,0.0
Surocciden,364,0.0
Surocciden,365,0.0
Surocciden,366,0.0
Surocciden,367,0.0
Surocciden,368,0.0
Surocciden,369,0.0
Surocciden,370,0.0
Surocciden,371,0.0
Surocciden,372,0.0
Surocciden,373,0.0
Surocciden,374,0.0
Surocciden,375,0.0
Surocciden,376,0.0
Surocciden,377,0.0
Surocciden,378,0.0
Surocciden,379,0.0
Surocciden,380,0.0
Surocciden,381,0.0
Surocciden,382,0.0
Surocciden,383,0.0
Surocciden,384,0.0
Caribe,1,0.0
Caribe,2,0.0
Caribe,3,1.0723433099332384e-17
Caribe,4,0.0
Caribe,5,0.0
Caribe,6,1.0723433099382534e-17
Caribe,7,1.072343310052194e-17
Caribe,8,1.0723433100959246e-17
Caribe,9,1.0723433102547995e-17
Caribe,10,1.0723433104425607e-17
Caribe,11,1.0723433105589085e-17
Caribe,12,1.0723433106939119e-17
Caribe,13,1.0723433108178824e-17
Caribe,14,1.0723433108164782e-17
Caribe,15,1.0723433108626161e-17
Caribe,16,1.0723433109560955e-17
Caribe,17,1.0723433109920028e-17
Caribe,18,1.0723433109440595e-17
Caribe,19,0.0
Caribe,20,0.0
Caribe,21,0.0
Caribe,22,0.0
Caribe,23,0.0
Caribe,24,0.0
Caribe,25,0.0
Caribe,26,0.0
Caribe,27,1.0723433098481843e-17
Caribe,28,0.0
Caribe,29,0.0
Caribe,30,1.0723433097316359e-17
Caribe,31,1.072343309691516e-17
Caribe,32,1.0723433095701533e-17
Caribe,33,1.0723433096247163e-17
Caribe,34,1.0723433097555073e-17
Caribe,35,1.0723433098782742e-17
Caribe,36,1.0723433099845919e-17
Caribe,37,1.0723433100850923e-17
Caribe,38,1.072343310144871e-17
Caribe,39,1.0723433101665357e-17
Caribe,40,1.0723433101681405e-17
Caribe,41,1.072343310176365e-17
Caribe,42,1.0723433101797753e-17
Caribe,43,0.0
Caribe,44,0.0
Caribe,45,0.0
Caribe,46,0.0
Caribe,47,0.0
Caribe,48,0.0
Caribe,49,0.0
Caribe,50,0.0
Caribe,51,0.0
Caribe,52,0.0
Caribe,53,0.0
Caribe,54,1.0723433098750645e-17
Caribe,55,1.0723433100116729e-17
Caribe,56,1.0723433100477807e-17
Caribe,57,1.0723433102046497e-17
Caribe,58,1.0723433103733539e-17
Caribe,59,1.0723433104798722e-17
Caribe,60,1.0723433106128697e-17
Caribe,61,1.0723433107272115e-17
Caribe,62,1.0723433107093581e-17
Caribe,63,1.0723433107609122e-17
Caribe,64,1.0723433108473706e-17
Caribe,65,1.07234331088067e-17
Caribe,66,1.0723433108349334e-17
Caribe,67,1.0723433107270109e-17
Caribe,68,1.0723433108257059e-17
Caribe,69,0.0
Caribe,70,0.0
Caribe,71,0.0
Caribe,72,1.0723433103530933e-17
Caribe,73,1.0723433099350439e-17
Caribe,74,0.0
Caribe,75,0.0
Caribe,76,0.0
Caribe,77,0.0
Caribe,78,1.0723433096586176e-17
Caribe,79,1.0723433096026504e-17
Caribe,80,1.0723433095065631e-17
Caribe,81,1.0723433096044558e-17
Caribe,82,1.0723433097368515e-17
Caribe,83,1.0723433098596184e-17
Caribe,84,1.0723433099661368e-17
Caribe,85,1.072343310063227e-17
Caribe,86,1.0723433101189936e-17
Caribe,87,1.0723433101412601e-17
Caribe,88,1.0723433101254128e-17
Caribe,89,1.0723433101201972e-17
Caribe,90,1.0723433101163859e-17
Caribe,91,1.072343310129826e-17
Caribe,92,0.0
Caribe,93,0.0
Caribe,94,0.0
Caribe,95,0.0
Caribe,96,0.0
Caribe,97,0.0
Caribe,98,0.0
Caribe,99,0.0
Caribe,100,0.0
Caribe,101,0.0
Caribe,102,1.072343309852798e-17
Caribe,103,1.0723433099571098e-17
Caribe,104,1.0723433100072596e-17
Caribe,105,1.0723433101926137e-17
Caribe,106,1.0723433103853898e-17
Caribe,107,1.0723433105109652e-17
Caribe,108,1.0723433106644239e-17
Caribe,109,1.0723433107948135e-17
Caribe,110,1.0723433107827775e-17
Caribe,111,1.0723433108373406e-17
Caribe,112,1.0723433109302182e-17
Caribe,113,1.0723433109520835e-17
Caribe,114,1.0723433109011313e-17
Caribe,115,1.0723433107667296e-17
Caribe,116,0.0
Caribe,117,0.0
Caribe,118,0.0
Caribe,119,0.0
Caribe,120,0.0
Caribe,121,0.0
Caribe,122,1.0723433098738609e-17
Caribe,123,0.0
Caribe,124,0.0
Caribe,125,0.0
Caribe,126,1.0723433096084678e-17
Caribe,127,1.0723433095474854e-17
Caribe,128,1.0723433094479882e-17
Caribe,129,1.0723433095498927e-17
Caribe,130,1.0723433096816865e-17
Caribe,131,1.0723433097934205e-17
Caribe,132,1.0723433098897084e-17
Caribe,133,1.0723433099805799e-17
Caribe,134,1.072343310046176e-17
Caribe,135,1.0723433100714515e-17
Caribe,136,1.0723433100556041e-17
Caribe,137,1.0723433100445712e-17
Caribe,138,1.0723433100387538e-17
Caribe,139,1.0723433100499874e-17
Caribe,140,0.0
Caribe,141,0.0
Caribe,142,0.0
Caribe,143,0.0
Caribe,144,0.0
Caribe,145,0.0
Caribe,146,0.0
Caribe,147,0.0
Caribe,148,0.0
Caribe,149,0.0
Caribe,150,1.072343310115784e-17
Caribe,151,1.0723433102309282e-17
Caribe,152,1.0723433102899045e-17
Caribe,153,1.0723433104909051e-17
Caribe,154,1.072343310698927e-17
Caribe,155,1.0723433108353346e-17
Caribe,156,1.0723433109966166e-17
Caribe,157,1.0723433111304165e-17
Caribe,158,1.0723433111247997e-17
Caribe,159,1.0723433111853808e-17
Caribe,160,1.0723433112822704e-17
Caribe,161,1.0723433113051387e-17
Caribe,162,1.0723433112561925e-17
Caribe,163,1.0723433112102552e-17
Caribe,164,1.0723433113574952e-17
Caribe,165,0.0
Caribe,166,0.0
Caribe,167,0.0
Caribe,168,0.0
Caribe,169,0.0
Caribe,170,0.0
Caribe,171,0.0
Caribe,172,0.0
Caribe,173,0.0
Caribe,174,1.072343309855807e-17
Caribe,175,1.072343309802247e-17
Caribe,176,1.0723433097143844e-17
Caribe,177,1.0723433098094684e-17
Caribe,178,1.0723433099452744e-17
Caribe,179,1.072343310071652e-17
Caribe,180,1.0723433101946196e-17
Caribe,181,1.0723433103089615e-17
Caribe,182,1.0723433103793718e-17
Caribe,183,1.0723433104036443e-17
Caribe,184,1.0723433103879976e-17
Caribe,185,1.0723433103894018e-17
Caribe,186,1.0723433103841863e-17
Caribe,187,1.0723433104714471e-17
Caribe,188,0.0
Caribe,189,0.0
Caribe,190,0.0
Caribe,191,1.0723433106269117e-17
Caribe,192,1.0723433104337343e-17
Caribe,193,0.0
Caribe,194,0.0
Caribe,195,0.0
Caribe,196,0.0
Caribe,197,0.0
Caribe,198,1.0723433100138794e-17
Caribe,199,1.0723433101107691e-17
Caribe,200,1.0723433100505892e-17
Caribe,201,1.0723433100672389e-17
Caribe,202,1.0723433101334368e-17
Caribe,203,1.0723433101605177e-17
Caribe,204,1.0723433102429641e-17
Caribe,205,1.0723433103575064e-17
Caribe,206,1.0723433104172852e-17
Caribe,207,1.0723433105755582e-17
Caribe,208,1.0723433108098585e-17
Caribe,209,1.0723433109867873e-17
Caribe,210,1.0723433110447605e-17
Caribe,211,0.0
Caribe,212,0.0
Caribe,213,1.072343311189794e-17
Caribe,214,0.0
Caribe,215,0.0
Caribe,216,0.0
Caribe,217,0.0
Caribe,218,0.0
Caribe,219,0.0
Caribe,220,0.0
Caribe,221,1.0723433101306284e-17
Caribe,222,1.0723433102237065e-17
Caribe,223,1.0723433102477785e-17
Caribe,224,1.0723433101432662e-17
Caribe,225,1.0723433101524937e-17
Caribe,226,1.0723433102389522e-17
Caribe,227,1.0723433102846889e-17
Caribe,228,1.0723433103715485e-17
Caribe,229,1.0723433104810758e-17
Caribe,230,1.072343310554094e-17
Caribe,231,1.0723433106566004e-17
Caribe,232,1.0723433107839811e-17
Caribe,233,1.0723433109591046e-17
Caribe,234,1.072343311032524e-17
Caribe,235,0.0
Caribe,236,0.0
Caribe,237,0.0
Caribe,238,0.0
Caribe,239,0.0
Caribe,240,0.0
Caribe,241,0.0
Caribe,242,0.0
Caribe,243,0.0
Caribe,244,0.0
Caribe,245,0.0
Caribe,246,1.0723433099105707e-17
Caribe,247,1.0723433099890052e-17
Caribe,248,1.0723433099372504e-17
Caribe,249,1.0723433100012416e-17
Caribe,250,1.0723433100802779e-17
Caribe,251,1.0723433101232063e-17
Caribe,252,1.0723433102122724e-17
Caribe,253,1.0723433103193926e-17
Caribe,254,1.0723433103599137e-17
Caribe,255,1.0723433104798722e-17
Caribe,256,1.0723433106391483e-17
Caribe,257,1.072343310760511e-17
Caribe,258,1.0723433107958165e-17
Caribe,259,1.0723433107318253e-17
Caribe,260,0.0
Caribe,261,0.0
Caribe,262,0.0
Caribe,263,0.0
Caribe,264,0.0
Caribe,265,0.0
Caribe,266,0.0
Caribe,267,0.0
Caribe,268,0.0
Caribe,269,0.0
Caribe,270,1.0723433101404578e-17
Caribe,271,1.0723433102949194e-17
Caribe,272,1.072343310250587e-17
Caribe,273,1.0723433103244076e-17
Caribe,274,1.0723433104012372e-17
Caribe,275,1.0723433104301236e-17
Caribe,276,1.0723433105424592e-17
Caribe,277,1.0723433106796694e-17
Caribe,278,1.0723433107073521e-17
Caribe,279,1.0723433108933079e-17
Caribe,280,1.0723433111761533e-17
Caribe,281,1.0723433113597018e-17
Caribe,282,1.0723433113948068e-17
Caribe,283,1.0723433112479679e-17
Caribe,284,0.0
Caribe,285,0.0
Caribe,286,0.0
Caribe,287,0.0
Caribe,288,0.0
Caribe,289,0.0
Caribe,290,0.0
Caribe,291,0.0
Caribe,292,0.0
Caribe,293,0.0
Caribe,294,1.072343309882888e-17
Caribe,295,1.0723433099316336e-17
Caribe,296,1.0723433098989359e-17
Caribe,297,1.0723433100000381e-17
Caribe,298,1.0723433101071582e-17
Caribe,299,1.0723433101667363e-17
Caribe,300,1.072343310264027e-17
Caribe,301,1.072343310377767e-17
Caribe,302,1.072343310420294e-17
Caribe,303,1.0723433105350371e-17
Caribe,304,1.0723433106892981e-17
Caribe,305,1.0723433107956159e-17
Caribe,306,1.0723433108243016e-17
Caribe,307,1.072343310744463e-17
Caribe,308,0.0
Caribe,309,0.0
Caribe,310,0.0
Caribe,311,0.0
Caribe,312,0.0
Caribe,313,0.0
Caribe,314,0.0
Caribe,315,0.0
Caribe,316,0.0
Caribe,317,0.0
Caribe,318,1.0723433101314308e-17
Caribe,319,1.0723433102429641e-17
Caribe,320,1.0723433102457725e-17
Caribe,321,1.0723433103781683e-17
Caribe,322,1.0723433105075549e-17
Caribe,323,1.0723433105605132e-17
Caribe,324,1.0723433106842831e-17
Caribe,325,1.072343310829116e-17
Caribe,326,1.0723433108734486e-17
Caribe,327,1.0723433110688325e-17
Caribe,328,1.0723433113677259e-17
Caribe,329,1.0723433115211844e-17
Caribe,330,1.0723433115326186e-17
Caribe,331,1.0723433113416479e-17
Caribe,332,0.0
Caribe,333,0.0
Caribe,334,0.0
Caribe,335,0.0
Caribe,336,0.0
Caribe,337,0.0
Caribe,338,0.0
Caribe,339,0.0
Caribe,340,0.0
Caribe,341,0.0
Caribe,342,1.0723433101360445e-17
Caribe,343,1.0723433102056526e-17
Caribe,344,1.072343310182383e-17
Caribe,345,1.0723433102903057e-17
Caribe,346,1.072343310401839e-17
Caribe,347,1.0723433104662315e-17
Caribe,348,1.072343310573151e-17
Caribe,349,1.0723433106971215e-17
Caribe,350,1.0723433107496786e-17
Caribe,351,1.0723433108808707e-17
Caribe,352,1.0723433110503773e-17
Caribe,353,1.0723433111621113e-17
Caribe,354,1.072343311189794e-17
Caribe,355,1.0723433111891922e-17
Caribe,356,0.0
Caribe,357,0.0
Caribe,358,0.0
Caribe,359,0.0
Caribe,360,0.0
Caribe,361,0.0
Caribe,362,0.0
Caribe,363,0.0
Caribe,364,0.0
Caribe,365,0.0
Caribe,366,1.0723433105561e-17
Caribe,367,1.0723433107181844e-17
Caribe,368,1.0723433107171814e-17
Caribe,369,1.0723433108686341e-17
Caribe,370,1.0723433110353324e-17
Caribe,371,1.0723433111013296e-17
Caribe,372,1.0723433112537852e-17
Caribe,373,1.0723433114533818e-17
Caribe,374,1.0723433115358283e-17
Caribe,375,1.0723433117881824e-17
Caribe,376,1.0723433121520701e-17
Caribe,377,1.0723433123556786e-17
Caribe,378,1.0723433123631009e-17
Caribe,379,1.0723433123057294e-17
Caribe,380,0.0
Caribe,381,0.0
Caribe,382,0.0
Caribe,383,0.0
Caribe,384,0.0
