,timestamp,Values_Type,GeneReal
0,2023_Q1_holidays_0h,COGENERADOR,98698.70846153845
1,2023_Q1_holidays_0h,EOLICA,20023.81076923077
2,2023_Q1_holidays_0h,HIDRAULICA,6835405.224615385
3,2023_Q1_holidays_0h,SOLAR,0.0
4,2023_Q1_holidays_0h,TERMICA,1118668.8630769232
5,2023_Q1_holidays_10h,COGENERADOR,98333.99
6,2023_Q1_holidays_10h,EOLICA,18291.04076923077
7,2023_Q1_holidays_10h,HIDRAULICA,6406248.043846154
8,2023_Q1_holidays_10h,SOLAR,233693.73230769232
9,2023_Q1_holidays_10h,TERMICA,1095901.0384615385
10,2023_Q1_holidays_11h,COGENERADOR,97999.38692307692
11,2023_Q1_holidays_11h,EOLICA,19067.581538461538
12,2023_Q1_holidays_11h,HIDRAULICA,6639952.315384615
13,2023_Q1_holidays_11h,SOLAR,265896.07153846155
14,2023_Q1_holidays_11h,TERMICA,1127438.7215384615
15,2023_Q1_holidays_12h,COGENERADOR,94943.14076923077
16,2023_Q1_holidays_12h,EOLICA,21159.05538461538
17,2023_Q1_holidays_12h,HIDRAULICA,6879261.18923077
18,2023_Q1_holidays_12h,SOLAR,269044.3753846154
19,2023_Q1_holidays_12h,TERMICA,1141964.4107692307
20,2023_Q1_holidays_13h,COGENERADOR,94309.91538461538
21,2023_Q1_holidays_13h,EOLICA,23371.758461538462
22,2023_Q1_holidays_13h,HIDRAULICA,6985788.259230769
23,2023_Q1_holidays_13h,SOLAR,269341.3076923077
24,2023_Q1_holidays_13h,TERMICA,1142812.0284615385
25,2023_Q1_holidays_14h,COGENERADOR,95104.54692307691
26,2023_Q1_holidays_14h,EOLICA,23628.488461538458
27,2023_Q1_holidays_14h,HIDRAULICA,6997272.7700000005
28,2023_Q1_holidays_14h,SOLAR,253444.89615384614
29,2023_Q1_holidays_14h,TERMICA,1134182.6376923076
30,2023_Q1_holidays_15h,COGENERADOR,95506.32153846153
31,2023_Q1_holidays_15h,EOLICA,24088.775384615386
32,2023_Q1_holidays_15h,HIDRAULICA,6942062.39076923
33,2023_Q1_holidays_15h,SOLAR,239593.13923076924
34,2023_Q1_holidays_15h,TERMICA,1115045.2638461539
35,2023_Q1_holidays_16h,COGENERADOR,96912.06615384616
36,2023_Q1_holidays_16h,EOLICA,24053.477692307693
37,2023_Q1_holidays_16h,HIDRAULICA,6900718.057692308
38,2023_Q1_holidays_16h,SOLAR,206291.9523076923
39,2023_Q1_holidays_16h,TERMICA,1118517.8653846155
40,2023_Q1_holidays_17h,COGENERADOR,96817.3676923077
41,2023_Q1_holidays_17h,EOLICA,24707.456153846153
42,2023_Q1_holidays_17h,HIDRAULICA,6902149.822307692
43,2023_Q1_holidays_17h,SOLAR,118207.21846153846
44,2023_Q1_holidays_17h,TERMICA,1135976.6776923076
45,2023_Q1_holidays_18h,COGENERADOR,98874.69307692308
46,2023_Q1_holidays_18h,EOLICA,25040.03846153846
47,2023_Q1_holidays_18h,HIDRAULICA,7021738.870769232
48,2023_Q1_holidays_18h,SOLAR,20290.775384615386
49,2023_Q1_holidays_18h,TERMICA,1151806.9776923077
50,2023_Q1_holidays_19h,COGENERADOR,98196.07153846153
51,2023_Q1_holidays_19h,EOLICA,24550.313846153847
52,2023_Q1_holidays_19h,HIDRAULICA,7747827.736153846
53,2023_Q1_holidays_19h,SOLAR,14.471538461538461
54,2023_Q1_holidays_19h,TERMICA,1163588.3276923078
55,2023_Q1_holidays_1h,COGENERADOR,106437.17538461539
56,2023_Q1_holidays_1h,EOLICA,19798.847692307692
57,2023_Q1_holidays_1h,HIDRAULICA,6443096.966153846
58,2023_Q1_holidays_1h,SOLAR,0.0
59,2023_Q1_holidays_1h,TERMICA,1322215.6030769232
60,2023_Q1_holidays_20h,COGENERADOR,97187.16
61,2023_Q1_holidays_20h,EOLICA,22905.083076923078
62,2023_Q1_holidays_20h,HIDRAULICA,8002814.655384615
63,2023_Q1_holidays_20h,SOLAR,0.0
64,2023_Q1_holidays_20h,TERMICA,1165669.1153846155
65,2023_Q1_holidays_21h,COGENERADOR,97748.83076923077
66,2023_Q1_holidays_21h,EOLICA,22771.668461538462
67,2023_Q1_holidays_21h,HIDRAULICA,7904113.132307692
68,2023_Q1_holidays_21h,SOLAR,0.0
69,2023_Q1_holidays_21h,TERMICA,1153651.436153846
70,2023_Q1_holidays_22h,COGENERADOR,98072.74923076923
71,2023_Q1_holidays_22h,EOLICA,22784.487692307695
72,2023_Q1_holidays_22h,HIDRAULICA,7649275.916923077
73,2023_Q1_holidays_22h,SOLAR,0.0
74,2023_Q1_holidays_22h,TERMICA,1141278.2538461538
75,2023_Q1_holidays_23h,COGENERADOR,96860.00076923077
76,2023_Q1_holidays_23h,EOLICA,21931.21307692308
77,2023_Q1_holidays_23h,HIDRAULICA,7269596.091538461
78,2023_Q1_holidays_23h,SOLAR,0.0
79,2023_Q1_holidays_23h,TERMICA,1130098.713846154
80,2023_Q1_holidays_2h,COGENERADOR,106403.60230769232
81,2023_Q1_holidays_2h,EOLICA,18509.23769230769
82,2023_Q1_holidays_2h,HIDRAULICA,6326569.187692308
83,2023_Q1_holidays_2h,SOLAR,0.0
84,2023_Q1_holidays_2h,TERMICA,1177729.59
85,2023_Q1_holidays_3h,COGENERADOR,106861.92461538462
86,2023_Q1_holidays_3h,EOLICA,17932.244615384614
87,2023_Q1_holidays_3h,HIDRAULICA,6177064.570769231
88,2023_Q1_holidays_3h,SOLAR,0.0
89,2023_Q1_holidays_3h,TERMICA,1113932.74
90,2023_Q1_holidays_4h,COGENERADOR,105257.18923076923
91,2023_Q1_holidays_4h,EOLICA,18192.33923076923
92,2023_Q1_holidays_4h,HIDRAULICA,6029412.607692308
93,2023_Q1_holidays_4h,SOLAR,0.0
94,2023_Q1_holidays_4h,TERMICA,1099756.8223076924
95,2023_Q1_holidays_5h,COGENERADOR,101707.33461538462
96,2023_Q1_holidays_5h,EOLICA,17712.73846153846
97,2023_Q1_holidays_5h,HIDRAULICA,5970876.601538463
98,2023_Q1_holidays_5h,SOLAR,0.0
99,2023_Q1_holidays_5h,TERMICA,1075227.33
100,2023_Q1_holidays_6h,COGENERADOR,100346.36538461539
101,2023_Q1_holidays_6h,EOLICA,16250.666923076924
102,2023_Q1_holidays_6h,HIDRAULICA,5931881.766153846
103,2023_Q1_holidays_6h,SOLAR,30.633846153846154
104,2023_Q1_holidays_6h,TERMICA,1051089.81
105,2023_Q1_holidays_7h,COGENERADOR,99412.53153846154
106,2023_Q1_holidays_7h,EOLICA,14058.55076923077
107,2023_Q1_holidays_7h,HIDRAULICA,5726272.46
108,2023_Q1_holidays_7h,SOLAR,17616.60923076923
109,2023_Q1_holidays_7h,TERMICA,1011453.6315384614
110,2023_Q1_holidays_8h,COGENERADOR,100861.03
111,2023_Q1_holidays_8h,EOLICA,13636.209230769231
112,2023_Q1_holidays_8h,HIDRAULICA,5831738.282307693
113,2023_Q1_holidays_8h,SOLAR,108487.02
114,2023_Q1_holidays_8h,TERMICA,1019076.6623076922
115,2023_Q1_holidays_9h,COGENERADOR,100050.26307692307
116,2023_Q1_holidays_9h,EOLICA,17331.384615384617
117,2023_Q1_holidays_9h,HIDRAULICA,6106857.81923077
118,2023_Q1_holidays_9h,SOLAR,189822.79
119,2023_Q1_holidays_9h,TERMICA,1059035.333846154
120,2023_Q1_labor_0h,COGENERADOR,106074.56935064936
121,2023_Q1_labor_0h,EOLICA,21928.22974025974
122,2023_Q1_labor_0h,HIDRAULICA,7300423.22987013
123,2023_Q1_labor_0h,SOLAR,0.016753246753246753
124,2023_Q1_labor_0h,TERMICA,1166921.9035064937
125,2023_Q1_labor_10h,COGENERADOR,99354.63935064935
126,2023_Q1_labor_10h,EOLICA,19168.037402597405
127,2023_Q1_labor_10h,HIDRAULICA,7905904.19896104
128,2023_Q1_labor_10h,SOLAR,243176.32012987012
129,2023_Q1_labor_10h,TERMICA,1211473.392987013
130,2023_Q1_labor_11h,COGENERADOR,97921.31155844156
131,2023_Q1_labor_11h,EOLICA,20669.737792207794
132,2023_Q1_labor_11h,HIDRAULICA,8206100.214025974
133,2023_Q1_labor_11h,SOLAR,262800.58207792207
134,2023_Q1_labor_11h,TERMICA,1223108.5731168832
135,2023_Q1_labor_12h,COGENERADOR,98104.20012987014
136,2023_Q1_labor_12h,EOLICA,22083.99194805195
137,2023_Q1_labor_12h,HIDRAULICA,8457315.008701298
138,2023_Q1_labor_12h,SOLAR,270546.6641558442
139,2023_Q1_labor_12h,TERMICA,1234582.2685714287
140,2023_Q1_labor_13h,COGENERADOR,98811.80623376624
141,2023_Q1_labor_13h,EOLICA,23442.56116883117
142,2023_Q1_labor_13h,HIDRAULICA,8413569.615714286
143,2023_Q1_labor_13h,SOLAR,268744.2092207792
144,2023_Q1_labor_13h,TERMICA,1237960.9906493507
145,2023_Q1_labor_14h,COGENERADOR,99388.19077922078
146,2023_Q1_labor_14h,EOLICA,24919.838571428572
147,2023_Q1_labor_14h,HIDRAULICA,8444034.331688311
148,2023_Q1_labor_14h,SOLAR,258126.19844155846
149,2023_Q1_labor_14h,TERMICA,1240251.1274025973
150,2023_Q1_labor_15h,COGENERADOR,98410.08064935065
151,2023_Q1_labor_15h,EOLICA,25153.357272727273
152,2023_Q1_labor_15h,HIDRAULICA,8567563.547142858
153,2023_Q1_labor_15h,SOLAR,239455.20363636364
154,2023_Q1_labor_15h,TERMICA,1237051.024935065
155,2023_Q1_labor_16h,COGENERADOR,98630.18675324676
156,2023_Q1_labor_16h,EOLICA,25412.010779220782
157,2023_Q1_labor_16h,HIDRAULICA,8583567.018571427
158,2023_Q1_labor_16h,SOLAR,202477.61922077922
159,2023_Q1_labor_16h,TERMICA,1239102.148961039
160,2023_Q1_labor_17h,COGENERADOR,100668.08961038961
161,2023_Q1_labor_17h,EOLICA,25684.6287012987
162,2023_Q1_labor_17h,HIDRAULICA,8490552.247272726
163,2023_Q1_labor_17h,SOLAR,124745.2374025974
164,2023_Q1_labor_17h,TERMICA,1237030.6125974027
165,2023_Q1_labor_18h,COGENERADOR,102324.21636363637
166,2023_Q1_labor_18h,EOLICA,25767.29246753247
167,2023_Q1_labor_18h,HIDRAULICA,8387748.679090909
168,2023_Q1_labor_18h,SOLAR,20751.73103896104
169,2023_Q1_labor_18h,TERMICA,1238185.2676623377
170,2023_Q1_labor_19h,COGENERADOR,102965.98753246754
171,2023_Q1_labor_19h,EOLICA,25367.38194805195
172,2023_Q1_labor_19h,HIDRAULICA,8922304.134935064
173,2023_Q1_labor_19h,SOLAR,12.545194805194805
174,2023_Q1_labor_19h,TERMICA,1243241.1024675325
175,2023_Q1_labor_1h,COGENERADOR,104699.43584415584
176,2023_Q1_labor_1h,EOLICA,20540.196103896105
177,2023_Q1_labor_1h,HIDRAULICA,6696135.884805195
178,2023_Q1_labor_1h,SOLAR,0.03298701298701299
179,2023_Q1_labor_1h,TERMICA,1298112.6048051948
180,2023_Q1_labor_20h,COGENERADOR,103478.99103896104
181,2023_Q1_labor_20h,EOLICA,24303.351818181818
182,2023_Q1_labor_20h,HIDRAULICA,9045675.432597402
183,2023_Q1_labor_20h,SOLAR,0.0005194805194805195
184,2023_Q1_labor_20h,TERMICA,1243380.9825974025
185,2023_Q1_labor_21h,COGENERADOR,104917.70623376624
186,2023_Q1_labor_21h,EOLICA,23228.203896103896
187,2023_Q1_labor_21h,HIDRAULICA,8790736.624805195
188,2023_Q1_labor_21h,SOLAR,0.0007792207792207792
189,2023_Q1_labor_21h,TERMICA,1238597.989090909
190,2023_Q1_labor_22h,COGENERADOR,104886.59181818183
191,2023_Q1_labor_22h,EOLICA,22795.65974025974
192,2023_Q1_labor_22h,HIDRAULICA,8370981.30935065
193,2023_Q1_labor_22h,SOLAR,0.0
194,2023_Q1_labor_22h,TERMICA,1230619.722077922
195,2023_Q1_labor_23h,COGENERADOR,105346.88155844156
196,2023_Q1_labor_23h,EOLICA,22503.550909090907
197,2023_Q1_labor_23h,HIDRAULICA,7813040.275974026
198,2023_Q1_labor_23h,SOLAR,0.0
199,2023_Q1_labor_23h,TERMICA,1201239.0681818181
200,2023_Q1_labor_2h,COGENERADOR,105446.95246753246
201,2023_Q1_labor_2h,EOLICA,19905.5512987013
202,2023_Q1_labor_2h,HIDRAULICA,6584645.895324675
203,2023_Q1_labor_2h,SOLAR,0.04389610389610389
204,2023_Q1_labor_2h,TERMICA,1133614.5425974026
205,2023_Q1_labor_3h,COGENERADOR,105201.75246753247
206,2023_Q1_labor_3h,EOLICA,19210.12909090909
207,2023_Q1_labor_3h,HIDRAULICA,6449671.516753247
208,2023_Q1_labor_3h,SOLAR,0.031818181818181815
209,2023_Q1_labor_3h,TERMICA,1070530.2916883116
210,2023_Q1_labor_4h,COGENERADOR,106121.5516883117
211,2023_Q1_labor_4h,EOLICA,17485.991818181818
212,2023_Q1_labor_4h,HIDRAULICA,6357969.053766234
213,2023_Q1_labor_4h,SOLAR,0.03467532467532467
214,2023_Q1_labor_4h,TERMICA,1060222.0924675325
215,2023_Q1_labor_5h,COGENERADOR,105751.3225974026
216,2023_Q1_labor_5h,EOLICA,16509.596363636363
217,2023_Q1_labor_5h,HIDRAULICA,6456518.286493506
218,2023_Q1_labor_5h,SOLAR,0.030779220779220774
219,2023_Q1_labor_5h,TERMICA,1070846.7935064933
220,2023_Q1_labor_6h,COGENERADOR,105771.65935064935
221,2023_Q1_labor_6h,EOLICA,16182.089610389608
222,2023_Q1_labor_6h,HIDRAULICA,6732681.553896104
223,2023_Q1_labor_6h,SOLAR,25.963506493506493
224,2023_Q1_labor_6h,TERMICA,1109362.121948052
225,2023_Q1_labor_7h,COGENERADOR,104748.33987012987
226,2023_Q1_labor_7h,EOLICA,15538.796233766234
227,2023_Q1_labor_7h,HIDRAULICA,6865922.818441559
228,2023_Q1_labor_7h,SOLAR,19160.86896103896
229,2023_Q1_labor_7h,TERMICA,1133744.7537662338
230,2023_Q1_labor_8h,COGENERADOR,104435.60168831168
231,2023_Q1_labor_8h,EOLICA,15104.08181818182
232,2023_Q1_labor_8h,HIDRAULICA,7211042.635064934
233,2023_Q1_labor_8h,SOLAR,116540.04506493507
234,2023_Q1_labor_8h,TERMICA,1171031.8927272726
235,2023_Q1_labor_9h,COGENERADOR,102765.0638961039
236,2023_Q1_labor_9h,EOLICA,17119.176753246753
237,2023_Q1_labor_9h,HIDRAULICA,7634956.06974026
238,2023_Q1_labor_9h,SOLAR,196936.7483116883
239,2023_Q1_labor_9h,TERMICA,1196922.983116883
240,2023_Q2_holidays_0h,COGENERADOR,68500.10076923078
241,2023_Q2_holidays_0h,EOLICA,19473.95
242,2023_Q2_holidays_0h,HIDRAULICA,6968277.813846154
243,2023_Q2_holidays_0h,SOLAR,0.0
244,2023_Q2_holidays_0h,TERMICA,792993.0492307693
245,2023_Q2_holidays_10h,COGENERADOR,68022.28
246,2023_Q2_holidays_10h,EOLICA,12177.685384615384
247,2023_Q2_holidays_10h,HIDRAULICA,6710540.799230769
248,2023_Q2_holidays_10h,SOLAR,225353.2876923077
249,2023_Q2_holidays_10h,TERMICA,797707.3946153846
250,2023_Q2_holidays_11h,COGENERADOR,66538.76846153846
251,2023_Q2_holidays_11h,EOLICA,12657.023846153847
252,2023_Q2_holidays_11h,HIDRAULICA,6961807.073846155
253,2023_Q2_holidays_11h,SOLAR,262800.8623076923
254,2023_Q2_holidays_11h,TERMICA,797100.66
255,2023_Q2_holidays_12h,COGENERADOR,65401.939230769225
256,2023_Q2_holidays_12h,EOLICA,18147.783846153845
257,2023_Q2_holidays_12h,HIDRAULICA,7168400.97
258,2023_Q2_holidays_12h,SOLAR,273586.48615384614
259,2023_Q2_holidays_12h,TERMICA,799591.9669230769
260,2023_Q2_holidays_13h,COGENERADOR,64315.729230769226
261,2023_Q2_holidays_13h,EOLICA,20402.866153846153
262,2023_Q2_holidays_13h,HIDRAULICA,7254965.845384615
263,2023_Q2_holidays_13h,SOLAR,279066.0984615385
264,2023_Q2_holidays_13h,TERMICA,812351.7084615385
265,2023_Q2_holidays_14h,COGENERADOR,64689.663076923076
266,2023_Q2_holidays_14h,EOLICA,22658.400769230768
267,2023_Q2_holidays_14h,HIDRAULICA,7259217.396923076
268,2023_Q2_holidays_14h,SOLAR,276977.43153846153
269,2023_Q2_holidays_14h,TERMICA,813172.496923077
270,2023_Q2_holidays_15h,COGENERADOR,65349.36307692307
271,2023_Q2_holidays_15h,EOLICA,23894.40846153846
272,2023_Q2_holidays_15h,HIDRAULICA,7165360.653846154
273,2023_Q2_holidays_15h,SOLAR,253821.24538461538
274,2023_Q2_holidays_15h,TERMICA,813021.1646153847
275,2023_Q2_holidays_16h,COGENERADOR,64743.769230769234
276,2023_Q2_holidays_16h,EOLICA,24314.299230769233
277,2023_Q2_holidays_16h,HIDRAULICA,7127894.643076923
278,2023_Q2_holidays_16h,SOLAR,197533.24923076926
279,2023_Q2_holidays_16h,TERMICA,819647.7115384615
280,2023_Q2_holidays_17h,COGENERADOR,66022.10461538461
281,2023_Q2_holidays_17h,EOLICA,25382.925384615388
282,2023_Q2_holidays_17h,HIDRAULICA,7132689.511538462
283,2023_Q2_holidays_17h,SOLAR,120745.89923076922
284,2023_Q2_holidays_17h,TERMICA,823626.0223076922
285,2023_Q2_holidays_18h,COGENERADOR,67594.30692307692
286,2023_Q2_holidays_18h,EOLICA,23849.78923076923
287,2023_Q2_holidays_18h,HIDRAULICA,7234777.2107692305
288,2023_Q2_holidays_18h,SOLAR,27810.57384615385
289,2023_Q2_holidays_18h,TERMICA,825461.3076923077
290,2023_Q2_holidays_19h,COGENERADOR,66807.4023076923
291,2023_Q2_holidays_19h,EOLICA,23262.32230769231
292,2023_Q2_holidays_19h,HIDRAULICA,8000342.036153846
293,2023_Q2_holidays_19h,SOLAR,53.26076923076924
294,2023_Q2_holidays_19h,TERMICA,833833.2076923077
295,2023_Q2_holidays_1h,COGENERADOR,70658.52846153846
296,2023_Q2_holidays_1h,EOLICA,20637.987692307688
297,2023_Q2_holidays_1h,HIDRAULICA,6573404.132307692
298,2023_Q2_holidays_1h,SOLAR,0.0015384615384615385
299,2023_Q2_holidays_1h,TERMICA,1156221.8907692307
300,2023_Q2_holidays_20h,COGENERADOR,65444.160769230766
301,2023_Q2_holidays_20h,EOLICA,23313.574615384612
302,2023_Q2_holidays_20h,HIDRAULICA,8292273.296923077
303,2023_Q2_holidays_20h,SOLAR,0.0015384615384615385
304,2023_Q2_holidays_20h,TERMICA,839630.2146153846
305,2023_Q2_holidays_21h,COGENERADOR,65590.87923076922
306,2023_Q2_holidays_21h,EOLICA,22404.515384615384
307,2023_Q2_holidays_21h,HIDRAULICA,8176841.723846153
308,2023_Q2_holidays_21h,SOLAR,0.0
309,2023_Q2_holidays_21h,TERMICA,830411.6423076923
310,2023_Q2_holidays_22h,COGENERADOR,68012.98307692308
311,2023_Q2_holidays_22h,EOLICA,22153.69384615385
312,2023_Q2_holidays_22h,HIDRAULICA,7850552.387692307
313,2023_Q2_holidays_22h,SOLAR,0.0
314,2023_Q2_holidays_22h,TERMICA,811076.036923077
315,2023_Q2_holidays_23h,COGENERADOR,67167.32
316,2023_Q2_holidays_23h,EOLICA,20526.132307692307
317,2023_Q2_holidays_23h,HIDRAULICA,7406817.161538461
318,2023_Q2_holidays_23h,SOLAR,0.0
319,2023_Q2_holidays_23h,TERMICA,812799.3976923077
320,2023_Q2_holidays_2h,COGENERADOR,71118.09461538462
321,2023_Q2_holidays_2h,EOLICA,19280.811538461538
322,2023_Q2_holidays_2h,HIDRAULICA,6549538.03
323,2023_Q2_holidays_2h,SOLAR,0.0023076923076923075
324,2023_Q2_holidays_2h,TERMICA,870971.5099999999
325,2023_Q2_holidays_3h,COGENERADOR,71400.40615384615
326,2023_Q2_holidays_3h,EOLICA,17908.29
327,2023_Q2_holidays_3h,HIDRAULICA,6350782.426153847
328,2023_Q2_holidays_3h,SOLAR,0.0015384615384615385
329,2023_Q2_holidays_3h,TERMICA,805330.6446153845
330,2023_Q2_holidays_4h,COGENERADOR,70776.27923076923
331,2023_Q2_holidays_4h,EOLICA,18401.784615384615
332,2023_Q2_holidays_4h,HIDRAULICA,6210932.671538462
333,2023_Q2_holidays_4h,SOLAR,0.0
334,2023_Q2_holidays_4h,TERMICA,789660.2569230769
335,2023_Q2_holidays_5h,COGENERADOR,70655.49846153846
336,2023_Q2_holidays_5h,EOLICA,15272.185384615384
337,2023_Q2_holidays_5h,HIDRAULICA,6153147.641538462
338,2023_Q2_holidays_5h,SOLAR,0.0
339,2023_Q2_holidays_5h,TERMICA,789387.223076923
340,2023_Q2_holidays_6h,COGENERADOR,70016.96461538461
341,2023_Q2_holidays_6h,EOLICA,13410.236153846154
342,2023_Q2_holidays_6h,HIDRAULICA,6080764.473076924
343,2023_Q2_holidays_6h,SOLAR,536.9315384615385
344,2023_Q2_holidays_6h,TERMICA,785401.5284615384
345,2023_Q2_holidays_7h,COGENERADOR,69257.63769230769
346,2023_Q2_holidays_7h,EOLICA,13103.881538461537
347,2023_Q2_holidays_7h,HIDRAULICA,5900191.18923077
348,2023_Q2_holidays_7h,SOLAR,26137.053076923075
349,2023_Q2_holidays_7h,TERMICA,772633.2476923077
350,2023_Q2_holidays_8h,COGENERADOR,69043.07538461538
351,2023_Q2_holidays_8h,EOLICA,11949.45
352,2023_Q2_holidays_8h,HIDRAULICA,6126530.72923077
353,2023_Q2_holidays_8h,SOLAR,98790.1976923077
354,2023_Q2_holidays_8h,TERMICA,778641.443076923
355,2023_Q2_holidays_9h,COGENERADOR,67927.41846153846
356,2023_Q2_holidays_9h,EOLICA,11005.793846153847
357,2023_Q2_holidays_9h,HIDRAULICA,6435393.188461538
358,2023_Q2_holidays_9h,SOLAR,163302.5507692308
359,2023_Q2_holidays_9h,TERMICA,794434.0630769231
360,2023_Q2_labor_0h,COGENERADOR,72267.60430379747
361,2023_Q2_labor_0h,EOLICA,21515.190506329116
362,2023_Q2_labor_0h,HIDRAULICA,7481002.279493672
363,2023_Q2_labor_0h,SOLAR,0.01772151898734177
364,2023_Q2_labor_0h,TERMICA,850143.6444303797
365,2023_Q2_labor_10h,COGENERADOR,68052.33417721519
366,2023_Q2_labor_10h,EOLICA,16664.259746835443
367,2023_Q2_labor_10h,HIDRAULICA,8162824.889240506
368,2023_Q2_labor_10h,SOLAR,240935.60316455693
369,2023_Q2_labor_10h,TERMICA,884522.0150632911
370,2023_Q2_labor_11h,COGENERADOR,65926.70050632911
371,2023_Q2_labor_11h,EOLICA,18793.352151898736
372,2023_Q2_labor_11h,HIDRAULICA,8482627.500759494
373,2023_Q2_labor_11h,SOLAR,271396.5525316456
374,2023_Q2_labor_11h,TERMICA,892901.4235443037
375,2023_Q2_labor_12h,COGENERADOR,65098.817974683545
376,2023_Q2_labor_12h,EOLICA,22347.88848101266
377,2023_Q2_labor_12h,HIDRAULICA,8721752.165822785
378,2023_Q2_labor_12h,SOLAR,288160.71493670886
379,2023_Q2_labor_12h,TERMICA,897376.8253164557
380,2023_Q2_labor_13h,COGENERADOR,65289.641392405065
381,2023_Q2_labor_13h,EOLICA,25219.705063291138
382,2023_Q2_labor_13h,HIDRAULICA,8637617.838354431
383,2023_Q2_labor_13h,SOLAR,290210.2635443038
384,2023_Q2_labor_13h,TERMICA,898284.5793670885
385,2023_Q2_labor_14h,COGENERADOR,65579.94848101266
386,2023_Q2_labor_14h,EOLICA,26850.27721518987
387,2023_Q2_labor_14h,HIDRAULICA,8703919.826962026
388,2023_Q2_labor_14h,SOLAR,281239.59632911393
389,2023_Q2_labor_14h,TERMICA,895052.5435443037
390,2023_Q2_labor_15h,COGENERADOR,65461.79075949367
391,2023_Q2_labor_15h,EOLICA,27497.498987341773
392,2023_Q2_labor_15h,HIDRAULICA,8840750.133164557
393,2023_Q2_labor_15h,SOLAR,256833.55126582278
394,2023_Q2_labor_15h,TERMICA,894956.1874683545
395,2023_Q2_labor_16h,COGENERADOR,66047.67037974684
396,2023_Q2_labor_16h,EOLICA,27470.622151898733
397,2023_Q2_labor_16h,HIDRAULICA,8881298.39278481
398,2023_Q2_labor_16h,SOLAR,202261.48341772152
399,2023_Q2_labor_16h,TERMICA,899879.1536708861
400,2023_Q2_labor_17h,COGENERADOR,67281.33569620253
401,2023_Q2_labor_17h,EOLICA,27853.097974683547
402,2023_Q2_labor_17h,HIDRAULICA,8793082.603291139
403,2023_Q2_labor_17h,SOLAR,124311.21886075949
404,2023_Q2_labor_17h,TERMICA,893234.8934177215
405,2023_Q2_labor_18h,COGENERADOR,68078.81303797469
406,2023_Q2_labor_18h,EOLICA,27852.478481012655
407,2023_Q2_labor_18h,HIDRAULICA,8629234.522911394
408,2023_Q2_labor_18h,SOLAR,27956.59075949367
409,2023_Q2_labor_18h,TERMICA,896093.5634177215
410,2023_Q2_labor_19h,COGENERADOR,68930.3082278481
411,2023_Q2_labor_19h,EOLICA,26633.71189873418
412,2023_Q2_labor_19h,HIDRAULICA,9170188.085696202
413,2023_Q2_labor_19h,SOLAR,79.8359493670886
414,2023_Q2_labor_19h,TERMICA,902793.954050633
415,2023_Q2_labor_1h,COGENERADOR,73503.97341772153
416,2023_Q2_labor_1h,EOLICA,20618.151012658225
417,2023_Q2_labor_1h,HIDRAULICA,6592630.721772152
418,2023_Q2_labor_1h,SOLAR,0.002531645569620253
419,2023_Q2_labor_1h,TERMICA,1238650.1650632913
420,2023_Q2_labor_20h,COGENERADOR,69421.5735443038
421,2023_Q2_labor_20h,EOLICA,25607.111139240507
422,2023_Q2_labor_20h,HIDRAULICA,9381141.703037973
423,2023_Q2_labor_20h,SOLAR,0.003670886075949367
424,2023_Q2_labor_20h,TERMICA,903707.0483544302
425,2023_Q2_labor_21h,COGENERADOR,71013.87303797468
426,2023_Q2_labor_21h,EOLICA,24404.76341772152
427,2023_Q2_labor_21h,HIDRAULICA,9142244.177974684
428,2023_Q2_labor_21h,SOLAR,0.016202531645569618
429,2023_Q2_labor_21h,TERMICA,896671.4703797468
430,2023_Q2_labor_22h,COGENERADOR,72086.46265822784
431,2023_Q2_labor_22h,EOLICA,23403.527721518985
432,2023_Q2_labor_22h,HIDRAULICA,8662569.887974683
433,2023_Q2_labor_22h,SOLAR,0.01721518987341772
434,2023_Q2_labor_22h,TERMICA,884375.3987341772
435,2023_Q2_labor_23h,COGENERADOR,71751.16493670887
436,2023_Q2_labor_23h,EOLICA,22508.732278481013
437,2023_Q2_labor_23h,HIDRAULICA,8031637.254303798
438,2023_Q2_labor_23h,SOLAR,0.01772151898734177
439,2023_Q2_labor_23h,TERMICA,863060.3078481011
440,2023_Q2_labor_2h,COGENERADOR,73728.79189873417
441,2023_Q2_labor_2h,EOLICA,19977.3517721519
442,2023_Q2_labor_2h,HIDRAULICA,6600012.48721519
443,2023_Q2_labor_2h,SOLAR,0.0020253164556962027
444,2023_Q2_labor_2h,TERMICA,960655.0192405062
445,2023_Q2_labor_3h,COGENERADOR,73389.00291139241
446,2023_Q2_labor_3h,EOLICA,18899.853797468353
447,2023_Q2_labor_3h,HIDRAULICA,6501946.698987342
448,2023_Q2_labor_3h,SOLAR,0.009240506329113924
449,2023_Q2_labor_3h,TERMICA,865105.9864556963
450,2023_Q2_labor_4h,COGENERADOR,73189.48683544304
451,2023_Q2_labor_4h,EOLICA,18085.298101265824
452,2023_Q2_labor_4h,HIDRAULICA,6431458.095949367
453,2023_Q2_labor_4h,SOLAR,0.014050632911392403
454,2023_Q2_labor_4h,TERMICA,838971.2892405064
455,2023_Q2_labor_5h,COGENERADOR,73252.26405063292
456,2023_Q2_labor_5h,EOLICA,17187.221898734177
457,2023_Q2_labor_5h,HIDRAULICA,6579019.065822785
458,2023_Q2_labor_5h,SOLAR,0.0379746835443038
459,2023_Q2_labor_5h,TERMICA,834114.600886076
460,2023_Q2_labor_6h,COGENERADOR,74214.1270886076
461,2023_Q2_labor_6h,EOLICA,16493.01240506329
462,2023_Q2_labor_6h,HIDRAULICA,6942216.904810127
463,2023_Q2_labor_6h,SOLAR,415.2474683544304
464,2023_Q2_labor_6h,TERMICA,849420.7836708861
465,2023_Q2_labor_7h,COGENERADOR,73438.43303797468
466,2023_Q2_labor_7h,EOLICA,15441.943417721519
467,2023_Q2_labor_7h,HIDRAULICA,7052550.956075949
468,2023_Q2_labor_7h,SOLAR,28546.10658227848
469,2023_Q2_labor_7h,TERMICA,861277.9781012657
470,2023_Q2_labor_8h,COGENERADOR,72146.59189873417
471,2023_Q2_labor_8h,EOLICA,15837.40164556962
472,2023_Q2_labor_8h,HIDRAULICA,7442985.864430379
473,2023_Q2_labor_8h,SOLAR,109218.90632911392
474,2023_Q2_labor_8h,TERMICA,869007.8810126581
475,2023_Q2_labor_9h,COGENERADOR,70550.6570886076
476,2023_Q2_labor_9h,EOLICA,16417.86430379747
477,2023_Q2_labor_9h,HIDRAULICA,7885354.745316456
478,2023_Q2_labor_9h,SOLAR,185270.90443037974
479,2023_Q2_labor_9h,TERMICA,882439.1744303798
480,2023_Q3_holidays_0h,COGENERADOR,99009.86538461539
481,2023_Q3_holidays_0h,EOLICA,18934.91076923077
482,2023_Q3_holidays_0h,HIDRAULICA,6455011.815384615
483,2023_Q3_holidays_0h,SOLAR,0.0
484,2023_Q3_holidays_0h,TERMICA,1421672.6400000001
485,2023_Q3_holidays_10h,COGENERADOR,95895.7876923077
486,2023_Q3_holidays_10h,EOLICA,17888.526923076923
487,2023_Q3_holidays_10h,HIDRAULICA,6064724.362307693
488,2023_Q3_holidays_10h,SOLAR,329460.8307692307
489,2023_Q3_holidays_10h,TERMICA,1359598.9292307692
490,2023_Q3_holidays_11h,COGENERADOR,95123.14153846154
491,2023_Q3_holidays_11h,EOLICA,18566.55846153846
492,2023_Q3_holidays_11h,HIDRAULICA,6273618.886153846
493,2023_Q3_holidays_11h,SOLAR,388572.20384615386
494,2023_Q3_holidays_11h,TERMICA,1367871.963076923
495,2023_Q3_holidays_12h,COGENERADOR,93729.37461538463
496,2023_Q3_holidays_12h,EOLICA,19976.53923076923
497,2023_Q3_holidays_12h,HIDRAULICA,6457184.7876923075
498,2023_Q3_holidays_12h,SOLAR,402852.75769230764
499,2023_Q3_holidays_12h,TERMICA,1385889.9315384615
500,2023_Q3_holidays_13h,COGENERADOR,93978.30923076923
501,2023_Q3_holidays_13h,EOLICA,22950.033076923075
502,2023_Q3_holidays_13h,HIDRAULICA,6566993.384615385
503,2023_Q3_holidays_13h,SOLAR,391518.94615384616
504,2023_Q3_holidays_13h,TERMICA,1408557.47
505,2023_Q3_holidays_14h,COGENERADOR,94111.59538461539
506,2023_Q3_holidays_14h,EOLICA,25650.260769230772
507,2023_Q3_holidays_14h,HIDRAULICA,6590284.947692309
508,2023_Q3_holidays_14h,SOLAR,361473.77153846156
509,2023_Q3_holidays_14h,TERMICA,1408314.8976923076
510,2023_Q3_holidays_15h,COGENERADOR,95303.9546153846
511,2023_Q3_holidays_15h,EOLICA,25936.75
512,2023_Q3_holidays_15h,HIDRAULICA,6505265.685384615
513,2023_Q3_holidays_15h,SOLAR,321836.7084615385
514,2023_Q3_holidays_15h,TERMICA,1410954.7238461538
515,2023_Q3_holidays_16h,COGENERADOR,93818.06999999999
516,2023_Q3_holidays_16h,EOLICA,25425.15846153846
517,2023_Q3_holidays_16h,HIDRAULICA,6487242.972307692
518,2023_Q3_holidays_16h,SOLAR,243876.7346153846
519,2023_Q3_holidays_16h,TERMICA,1415632.8253846155
520,2023_Q3_holidays_17h,COGENERADOR,95339.08230769231
521,2023_Q3_holidays_17h,EOLICA,24081.175384615388
522,2023_Q3_holidays_17h,HIDRAULICA,6538088.194615385
523,2023_Q3_holidays_17h,SOLAR,148437.37692307692
524,2023_Q3_holidays_17h,TERMICA,1411392.0776923078
525,2023_Q3_holidays_18h,COGENERADOR,96438.35307692309
526,2023_Q3_holidays_18h,EOLICA,25091.168461538462
527,2023_Q3_holidays_18h,HIDRAULICA,6597416.333076923
528,2023_Q3_holidays_18h,SOLAR,41064.43
529,2023_Q3_holidays_18h,TERMICA,1442725.2369230767
530,2023_Q3_holidays_19h,COGENERADOR,96167.18615384615
531,2023_Q3_holidays_19h,EOLICA,23675.21153846154
532,2023_Q3_holidays_19h,HIDRAULICA,7246928.523076923
533,2023_Q3_holidays_19h,SOLAR,344.64076923076925
534,2023_Q3_holidays_19h,TERMICA,1479299.9892307692
535,2023_Q3_holidays_1h,COGENERADOR,100856.85
536,2023_Q3_holidays_1h,EOLICA,21516.714615384615
537,2023_Q3_holidays_1h,HIDRAULICA,6039928.329999999
538,2023_Q3_holidays_1h,SOLAR,0.011538461538461537
539,2023_Q3_holidays_1h,TERMICA,1772743.926153846
540,2023_Q3_holidays_20h,COGENERADOR,96209.22615384615
541,2023_Q3_holidays_20h,EOLICA,22814.206923076923
542,2023_Q3_holidays_20h,HIDRAULICA,7671020.753076922
543,2023_Q3_holidays_20h,SOLAR,0.015384615384615385
544,2023_Q3_holidays_20h,TERMICA,1468072.723076923
545,2023_Q3_holidays_21h,COGENERADOR,99256.79692307694
546,2023_Q3_holidays_21h,EOLICA,22135.094615384613
547,2023_Q3_holidays_21h,HIDRAULICA,7598663.757692307
548,2023_Q3_holidays_21h,SOLAR,0.01
549,2023_Q3_holidays_21h,TERMICA,1442938.9546153846
550,2023_Q3_holidays_22h,COGENERADOR,99357.2046153846
551,2023_Q3_holidays_22h,EOLICA,21422.718461538465
552,2023_Q3_holidays_22h,HIDRAULICA,7320983.068461538
553,2023_Q3_holidays_22h,SOLAR,0.0
554,2023_Q3_holidays_22h,TERMICA,1439763.02
555,2023_Q3_holidays_23h,COGENERADOR,99455.62538461537
556,2023_Q3_holidays_23h,EOLICA,20322.32384615385
557,2023_Q3_holidays_23h,HIDRAULICA,6896073.606923077
558,2023_Q3_holidays_23h,SOLAR,0.0
559,2023_Q3_holidays_23h,TERMICA,1428942.4246153845
560,2023_Q3_holidays_2h,COGENERADOR,102677.66153846154
561,2023_Q3_holidays_2h,EOLICA,18892.05
562,2023_Q3_holidays_2h,HIDRAULICA,6012745.332307693
563,2023_Q3_holidays_2h,SOLAR,0.012307692307692308
564,2023_Q3_holidays_2h,TERMICA,1479129.5284615385
565,2023_Q3_holidays_3h,COGENERADOR,100721.17461538462
566,2023_Q3_holidays_3h,EOLICA,17389.384615384617
567,2023_Q3_holidays_3h,HIDRAULICA,5862588.076923077
568,2023_Q3_holidays_3h,SOLAR,0.012307692307692308
569,2023_Q3_holidays_3h,TERMICA,1399702.467692308
570,2023_Q3_holidays_4h,COGENERADOR,100889.54461538463
571,2023_Q3_holidays_4h,EOLICA,18106.52076923077
572,2023_Q3_holidays_4h,HIDRAULICA,5721359.628461539
573,2023_Q3_holidays_4h,SOLAR,0.01076923076923077
574,2023_Q3_holidays_4h,TERMICA,1356715.24
575,2023_Q3_holidays_5h,COGENERADOR,101340.94230769231
576,2023_Q3_holidays_5h,EOLICA,18222.883846153847
577,2023_Q3_holidays_5h,HIDRAULICA,5621002.125384615
578,2023_Q3_holidays_5h,SOLAR,0.00923076923076923
579,2023_Q3_holidays_5h,TERMICA,1329197.8307692308
580,2023_Q3_holidays_6h,COGENERADOR,101534.09538461539
581,2023_Q3_holidays_6h,EOLICA,17148.18153846154
582,2023_Q3_holidays_6h,HIDRAULICA,5545158.196923077
583,2023_Q3_holidays_6h,SOLAR,197.24769230769232
584,2023_Q3_holidays_6h,TERMICA,1297416.9961538462
585,2023_Q3_holidays_7h,COGENERADOR,100910.45769230768
586,2023_Q3_holidays_7h,EOLICA,16423.496153846154
587,2023_Q3_holidays_7h,HIDRAULICA,5400322.269230769
588,2023_Q3_holidays_7h,SOLAR,43875.77692307692
589,2023_Q3_holidays_7h,TERMICA,1281880.5784615385
590,2023_Q3_holidays_8h,COGENERADOR,97539.8376923077
591,2023_Q3_holidays_8h,EOLICA,18774.85846153846
592,2023_Q3_holidays_8h,HIDRAULICA,5576808.498461539
593,2023_Q3_holidays_8h,SOLAR,173739.78461538462
594,2023_Q3_holidays_8h,TERMICA,1311982.6184615383
595,2023_Q3_holidays_9h,COGENERADOR,96963.5976923077
596,2023_Q3_holidays_9h,EOLICA,18400.764615384614
597,2023_Q3_holidays_9h,HIDRAULICA,5786923.010769231
598,2023_Q3_holidays_9h,SOLAR,274844.86846153846
599,2023_Q3_holidays_9h,TERMICA,1348888.4499999997
600,2023_Q3_labor_0h,COGENERADOR,96878.80594936709
601,2023_Q3_labor_0h,EOLICA,20584.363417721517
602,2023_Q3_labor_0h,HIDRAULICA,6975358.1899999995
603,2023_Q3_labor_0h,SOLAR,0.02
604,2023_Q3_labor_0h,TERMICA,1508223.982278481
605,2023_Q3_labor_10h,COGENERADOR,91138.26303797468
606,2023_Q3_labor_10h,EOLICA,18318.21683544304
607,2023_Q3_labor_10h,HIDRAULICA,7549260.452658228
608,2023_Q3_labor_10h,SOLAR,338346.7707594937
609,2023_Q3_labor_10h,TERMICA,1499297.297721519
610,2023_Q3_labor_11h,COGENERADOR,89338.84898734177
611,2023_Q3_labor_11h,EOLICA,18978.911012658227
612,2023_Q3_labor_11h,HIDRAULICA,7865092.952531646
613,2023_Q3_labor_11h,SOLAR,381272.5717721519
614,2023_Q3_labor_11h,TERMICA,1529469.466329114
615,2023_Q3_labor_12h,COGENERADOR,89937.55265822785
616,2023_Q3_labor_12h,EOLICA,21555.69670886076
617,2023_Q3_labor_12h,HIDRAULICA,8110024.215063292
618,2023_Q3_labor_12h,SOLAR,391934.76037974685
619,2023_Q3_labor_12h,TERMICA,1540056.615443038
620,2023_Q3_labor_13h,COGENERADOR,91072.992278481
621,2023_Q3_labor_13h,EOLICA,22907.253797468355
622,2023_Q3_labor_13h,HIDRAULICA,8034353.371265823
623,2023_Q3_labor_13h,SOLAR,389742.1936708861
624,2023_Q3_labor_13h,TERMICA,1548807.6574683543
625,2023_Q3_labor_14h,COGENERADOR,91936.34265822785
626,2023_Q3_labor_14h,EOLICA,23298.163670886075
627,2023_Q3_labor_14h,HIDRAULICA,8115153.213037975
628,2023_Q3_labor_14h,SOLAR,367525.623164557
629,2023_Q3_labor_14h,TERMICA,1557813.069620253
630,2023_Q3_labor_15h,COGENERADOR,91457.55164556962
631,2023_Q3_labor_15h,EOLICA,23508.96151898734
632,2023_Q3_labor_15h,HIDRAULICA,8265530.137468355
633,2023_Q3_labor_15h,SOLAR,330020.5848101266
634,2023_Q3_labor_15h,TERMICA,1566666.528607595
635,2023_Q3_labor_16h,COGENERADOR,91885.54316455696
636,2023_Q3_labor_16h,EOLICA,24159.833797468356
637,2023_Q3_labor_16h,HIDRAULICA,8287769.029367089
638,2023_Q3_labor_16h,SOLAR,268129.64544303797
639,2023_Q3_labor_16h,TERMICA,1573415.8498734178
640,2023_Q3_labor_17h,COGENERADOR,92921.44518987341
641,2023_Q3_labor_17h,EOLICA,24547.245949367087
642,2023_Q3_labor_17h,HIDRAULICA,8208922.584177215
643,2023_Q3_labor_17h,SOLAR,174661.89683544304
644,2023_Q3_labor_17h,TERMICA,1570049.4927848103
645,2023_Q3_labor_18h,COGENERADOR,93476.12607594936
646,2023_Q3_labor_18h,EOLICA,24845.949620253166
647,2023_Q3_labor_18h,HIDRAULICA,8017769.6170886075
648,2023_Q3_labor_18h,SOLAR,46769.480253164555
649,2023_Q3_labor_18h,TERMICA,1570491.938607595
650,2023_Q3_labor_19h,COGENERADOR,94225.5946835443
651,2023_Q3_labor_19h,EOLICA,24844.14924050633
652,2023_Q3_labor_19h,HIDRAULICA,8519762.563670885
653,2023_Q3_labor_19h,SOLAR,459.46999999999997
654,2023_Q3_labor_19h,TERMICA,1592085.3684810128
655,2023_Q3_labor_1h,COGENERADOR,96311.99721518988
656,2023_Q3_labor_1h,EOLICA,19450.768860759494
657,2023_Q3_labor_1h,HIDRAULICA,6219316.414303797
658,2023_Q3_labor_1h,SOLAR,0.0320253164556962
659,2023_Q3_labor_1h,TERMICA,1734522.8336708862
660,2023_Q3_labor_20h,COGENERADOR,96622.14936708861
661,2023_Q3_labor_20h,EOLICA,23791.843670886075
662,2023_Q3_labor_20h,HIDRAULICA,8824334.953037973
663,2023_Q3_labor_20h,SOLAR,0.25620253164556966
664,2023_Q3_labor_20h,TERMICA,1599444.894936709
665,2023_Q3_labor_21h,COGENERADOR,97052.67531645569
666,2023_Q3_labor_21h,EOLICA,22487.268607594935
667,2023_Q3_labor_21h,HIDRAULICA,8626169.496582279
668,2023_Q3_labor_21h,SOLAR,0.019240506329113925
669,2023_Q3_labor_21h,TERMICA,1590462.049493671
670,2023_Q3_labor_22h,COGENERADOR,97718.37278481013
671,2023_Q3_labor_22h,EOLICA,21852.343544303796
672,2023_Q3_labor_22h,HIDRAULICA,8148718.940379746
673,2023_Q3_labor_22h,SOLAR,0.0189873417721519
674,2023_Q3_labor_22h,TERMICA,1572186.8011392406
675,2023_Q3_labor_23h,COGENERADOR,98052.43379746834
676,2023_Q3_labor_23h,EOLICA,20980.759493670885
677,2023_Q3_labor_23h,HIDRAULICA,7545074.463670886
678,2023_Q3_labor_23h,SOLAR,0.023164556962025316
679,2023_Q3_labor_23h,TERMICA,1541115.8037974683
680,2023_Q3_labor_2h,COGENERADOR,96757.80050632912
681,2023_Q3_labor_2h,EOLICA,18096.18227848101
682,2023_Q3_labor_2h,HIDRAULICA,6252320.033544304
683,2023_Q3_labor_2h,SOLAR,0.028481012658227847
684,2023_Q3_labor_2h,TERMICA,1417074.4548101267
685,2023_Q3_labor_3h,COGENERADOR,96351.99784810127
686,2023_Q3_labor_3h,EOLICA,17128.12240506329
687,2023_Q3_labor_3h,HIDRAULICA,6120306.071265822
688,2023_Q3_labor_3h,SOLAR,0.027848101265822787
689,2023_Q3_labor_3h,TERMICA,1343231.6929113923
690,2023_Q3_labor_4h,COGENERADOR,96227.94278481013
691,2023_Q3_labor_4h,EOLICA,16620.46012658228
692,2023_Q3_labor_4h,HIDRAULICA,6062092.030886075
693,2023_Q3_labor_4h,SOLAR,0.04151898734177215
694,2023_Q3_labor_4h,TERMICA,1294923.1213924051
695,2023_Q3_labor_5h,COGENERADOR,96390.66025316456
696,2023_Q3_labor_5h,EOLICA,15682.761139240505
697,2023_Q3_labor_5h,HIDRAULICA,6156569.704303797
698,2023_Q3_labor_5h,SOLAR,0.04227848101265823
699,2023_Q3_labor_5h,TERMICA,1295980.7387341773
700,2023_Q3_labor_6h,COGENERADOR,97637.72924050633
701,2023_Q3_labor_6h,EOLICA,15248.010886075948
702,2023_Q3_labor_6h,HIDRAULICA,6385901.989493671
703,2023_Q3_labor_6h,SOLAR,228.7075949367089
704,2023_Q3_labor_6h,TERMICA,1340008.045949367
705,2023_Q3_labor_7h,COGENERADOR,97159.56037974684
706,2023_Q3_labor_7h,EOLICA,14783.063164556961
707,2023_Q3_labor_7h,HIDRAULICA,6483840.791772152
708,2023_Q3_labor_7h,SOLAR,42505.88291139241
709,2023_Q3_labor_7h,TERMICA,1377625.8151898736
710,2023_Q3_labor_8h,COGENERADOR,96249.44898734176
711,2023_Q3_labor_8h,EOLICA,16457.180379746835
712,2023_Q3_labor_8h,HIDRAULICA,6866390.353291139
713,2023_Q3_labor_8h,SOLAR,158841.95734177215
714,2023_Q3_labor_8h,TERMICA,1426661.7410126582
715,2023_Q3_labor_9h,COGENERADOR,94498.27974683544
716,2023_Q3_labor_9h,EOLICA,17872.98582278481
717,2023_Q3_labor_9h,HIDRAULICA,7291471.217088607
718,2023_Q3_labor_9h,SOLAR,267244.00797468354
719,2023_Q3_labor_9h,TERMICA,1467406.4802531644
720,2023_Q4_holidays_0h,COGENERADOR,95412.31307692308
721,2023_Q4_holidays_0h,EOLICA,10413.023076923077
722,2023_Q4_holidays_0h,HIDRAULICA,5717408.611538461
723,2023_Q4_holidays_0h,SOLAR,0.0
724,2023_Q4_holidays_0h,TERMICA,2569066.3646153845
725,2023_Q4_holidays_10h,COGENERADOR,91485.05076923076
726,2023_Q4_holidays_10h,EOLICA,10034.446923076923
727,2023_Q4_holidays_10h,HIDRAULICA,5126251.444615385
728,2023_Q4_holidays_10h,SOLAR,446693.3638461539
729,2023_Q4_holidays_10h,TERMICA,2455145.963846154
730,2023_Q4_holidays_11h,COGENERADOR,90154.62846153845
731,2023_Q4_holidays_11h,EOLICA,11583.081538461538
732,2023_Q4_holidays_11h,HIDRAULICA,5352227.336923077
733,2023_Q4_holidays_11h,SOLAR,489272.1823076923
734,2023_Q4_holidays_11h,TERMICA,2508356.5892307693
735,2023_Q4_holidays_12h,COGENERADOR,87922.5
736,2023_Q4_holidays_12h,EOLICA,12733.040769230769
737,2023_Q4_holidays_12h,HIDRAULICA,5584709.185384615
738,2023_Q4_holidays_12h,SOLAR,507147.8984615384
739,2023_Q4_holidays_12h,TERMICA,2527922.183846154
740,2023_Q4_holidays_13h,COGENERADOR,91296.85230769232
741,2023_Q4_holidays_13h,EOLICA,16013.184615384615
742,2023_Q4_holidays_13h,HIDRAULICA,5690094.932307692
743,2023_Q4_holidays_13h,SOLAR,502702.55846153846
744,2023_Q4_holidays_13h,TERMICA,2547255.0084615382
745,2023_Q4_holidays_14h,COGENERADOR,91507.53615384616
746,2023_Q4_holidays_14h,EOLICA,17355.71076923077
747,2023_Q4_holidays_14h,HIDRAULICA,5692609.042307692
748,2023_Q4_holidays_14h,SOLAR,483813.20153846155
749,2023_Q4_holidays_14h,TERMICA,2559735.1346153845
750,2023_Q4_holidays_15h,COGENERADOR,91004.83230769231
751,2023_Q4_holidays_15h,EOLICA,18612.125384615385
752,2023_Q4_holidays_15h,HIDRAULICA,5644002.070769231
753,2023_Q4_holidays_15h,SOLAR,408540.3484615385
754,2023_Q4_holidays_15h,TERMICA,2581608.333076923
755,2023_Q4_holidays_16h,COGENERADOR,93381.21615384615
756,2023_Q4_holidays_16h,EOLICA,19247.875384615385
757,2023_Q4_holidays_16h,HIDRAULICA,5654149.103076924
758,2023_Q4_holidays_16h,SOLAR,321278.08153846156
759,2023_Q4_holidays_16h,TERMICA,2597911.762307692
760,2023_Q4_holidays_17h,COGENERADOR,92127.61461538462
761,2023_Q4_holidays_17h,EOLICA,18416.106923076924
762,2023_Q4_holidays_17h,HIDRAULICA,5775363.578461538
763,2023_Q4_holidays_17h,SOLAR,151400.90538461538
764,2023_Q4_holidays_17h,TERMICA,2600767.480769231
765,2023_Q4_holidays_18h,COGENERADOR,93625.66384615385
766,2023_Q4_holidays_18h,EOLICA,16919.21846153846
767,2023_Q4_holidays_18h,HIDRAULICA,6032058.185384615
768,2023_Q4_holidays_18h,SOLAR,15623.336923076924
769,2023_Q4_holidays_18h,TERMICA,2628891.5815384616
770,2023_Q4_holidays_19h,COGENERADOR,89842.89076923077
771,2023_Q4_holidays_19h,EOLICA,15815.109230769232
772,2023_Q4_holidays_19h,HIDRAULICA,6785815.797692308
773,2023_Q4_holidays_19h,SOLAR,2.468461538461538
774,2023_Q4_holidays_19h,TERMICA,2653886.396153846
775,2023_Q4_holidays_1h,COGENERADOR,89481.99153846153
776,2023_Q4_holidays_1h,EOLICA,10855.805384615385
777,2023_Q4_holidays_1h,HIDRAULICA,5405940.283846154
778,2023_Q4_holidays_1h,SOLAR,0.0
779,2023_Q4_holidays_1h,TERMICA,2704344.619230769
780,2023_Q4_holidays_20h,COGENERADOR,90634.72846153846
781,2023_Q4_holidays_20h,EOLICA,14394.766153846153
782,2023_Q4_holidays_20h,HIDRAULICA,6941331.326923077
783,2023_Q4_holidays_20h,SOLAR,0.0
784,2023_Q4_holidays_20h,TERMICA,2644997.3215384614
785,2023_Q4_holidays_21h,COGENERADOR,93239.94076923077
786,2023_Q4_holidays_21h,EOLICA,13742.505384615386
787,2023_Q4_holidays_21h,HIDRAULICA,6822209.692307692
788,2023_Q4_holidays_21h,SOLAR,0.0
789,2023_Q4_holidays_21h,TERMICA,2645745.9223076925
790,2023_Q4_holidays_22h,COGENERADOR,93104.94384615385
791,2023_Q4_holidays_22h,EOLICA,12105.00923076923
792,2023_Q4_holidays_22h,HIDRAULICA,6560151.510769231
793,2023_Q4_holidays_22h,SOLAR,0.0
794,2023_Q4_holidays_22h,TERMICA,2628651.816153846
795,2023_Q4_holidays_23h,COGENERADOR,95994.63769230769
796,2023_Q4_holidays_23h,EOLICA,10801.173846153846
797,2023_Q4_holidays_23h,HIDRAULICA,6156998.556153847
798,2023_Q4_holidays_23h,SOLAR,0.0
799,2023_Q4_holidays_23h,TERMICA,2606765.927692308
800,2023_Q4_holidays_2h,COGENERADOR,90034.06461538462
801,2023_Q4_holidays_2h,EOLICA,8763.176153846154
802,2023_Q4_holidays_2h,HIDRAULICA,5236649.709230769
803,2023_Q4_holidays_2h,SOLAR,0.0
804,2023_Q4_holidays_2h,TERMICA,2586628.832307692
805,2023_Q4_holidays_3h,COGENERADOR,91597.64846153845
806,2023_Q4_holidays_3h,EOLICA,8254.787692307691
807,2023_Q4_holidays_3h,HIDRAULICA,5084496.883846154
808,2023_Q4_holidays_3h,SOLAR,0.0
809,2023_Q4_holidays_3h,TERMICA,2484666.4153846153
810,2023_Q4_holidays_4h,COGENERADOR,91324.86615384616
811,2023_Q4_holidays_4h,EOLICA,8275.776153846153
812,2023_Q4_holidays_4h,HIDRAULICA,4899960.744615384
813,2023_Q4_holidays_4h,SOLAR,0.0
814,2023_Q4_holidays_4h,TERMICA,2448787.2015384617
815,2023_Q4_holidays_5h,COGENERADOR,91863.50384615385
816,2023_Q4_holidays_5h,EOLICA,8240.633076923077
817,2023_Q4_holidays_5h,HIDRAULICA,4837824.716923077
818,2023_Q4_holidays_5h,SOLAR,0.0
819,2023_Q4_holidays_5h,TERMICA,2413558.7800000003
820,2023_Q4_holidays_6h,COGENERADOR,92839.46923076923
821,2023_Q4_holidays_6h,EOLICA,7261.223076923076
822,2023_Q4_holidays_6h,HIDRAULICA,4745222.52076923
823,2023_Q4_holidays_6h,SOLAR,563.08
824,2023_Q4_holidays_6h,TERMICA,2390801.2753846156
825,2023_Q4_holidays_7h,COGENERADOR,90833.44923076924
826,2023_Q4_holidays_7h,EOLICA,6826.0599999999995
827,2023_Q4_holidays_7h,HIDRAULICA,4549116.982307693
828,2023_Q4_holidays_7h,SOLAR,56295.06615384615
829,2023_Q4_holidays_7h,TERMICA,2369718.9469230766
830,2023_Q4_holidays_8h,COGENERADOR,91675.64692307691
831,2023_Q4_holidays_8h,EOLICA,7299.283846153847
832,2023_Q4_holidays_8h,HIDRAULICA,4667261.021538462
833,2023_Q4_holidays_8h,SOLAR,202215.74000000002
834,2023_Q4_holidays_8h,TERMICA,2401950.459230769
835,2023_Q4_holidays_9h,COGENERADOR,92531.79384615386
836,2023_Q4_holidays_9h,EOLICA,7176.08076923077
837,2023_Q4_holidays_9h,HIDRAULICA,4907543.09076923
838,2023_Q4_holidays_9h,SOLAR,352467.21461538464
839,2023_Q4_holidays_9h,TERMICA,2411292.87
840,2023_Q4_labor_0h,COGENERADOR,89468.68038461539
841,2023_Q4_labor_0h,EOLICA,13476.736923076924
842,2023_Q4_labor_0h,HIDRAULICA,6182963.422692308
843,2023_Q4_labor_0h,SOLAR,0.6775641025641025
844,2023_Q4_labor_0h,TERMICA,2736402.281153846
845,2023_Q4_labor_10h,COGENERADOR,85899.4485897436
846,2023_Q4_labor_10h,EOLICA,9593.769743589744
847,2023_Q4_labor_10h,HIDRAULICA,6458379.701538462
848,2023_Q4_labor_10h,SOLAR,491880.72025641025
849,2023_Q4_labor_10h,TERMICA,2873616.421794872
850,2023_Q4_labor_11h,COGENERADOR,84054.53499999999
851,2023_Q4_labor_11h,EOLICA,11370.048333333334
852,2023_Q4_labor_11h,HIDRAULICA,6729993.854358974
853,2023_Q4_labor_11h,SOLAR,535010.6148717949
854,2023_Q4_labor_11h,TERMICA,2923586.262179487
855,2023_Q4_labor_12h,COGENERADOR,84568.6508974359
856,2023_Q4_labor_12h,EOLICA,14847.15358974359
857,2023_Q4_labor_12h,HIDRAULICA,6936785.993589744
858,2023_Q4_labor_12h,SOLAR,551846.0644871795
859,2023_Q4_labor_12h,TERMICA,2963337.588205128
860,2023_Q4_labor_13h,COGENERADOR,84766.2994871795
861,2023_Q4_labor_13h,EOLICA,18177.29294871795
862,2023_Q4_labor_13h,HIDRAULICA,6890339.172435898
863,2023_Q4_labor_13h,SOLAR,548379.773076923
864,2023_Q4_labor_13h,TERMICA,2965670.592179487
865,2023_Q4_labor_14h,COGENERADOR,84472.34038461538
866,2023_Q4_labor_14h,EOLICA,20346.61141025641
867,2023_Q4_labor_14h,HIDRAULICA,6966093.061923077
868,2023_Q4_labor_14h,SOLAR,514397.548974359
869,2023_Q4_labor_14h,TERMICA,2992740.753974359
870,2023_Q4_labor_15h,COGENERADOR,84458.76025641026
871,2023_Q4_labor_15h,EOLICA,20540.356025641027
872,2023_Q4_labor_15h,HIDRAULICA,7113572.666153846
873,2023_Q4_labor_15h,SOLAR,444027.39474358974
874,2023_Q4_labor_15h,TERMICA,3031914.3596153846
875,2023_Q4_labor_16h,COGENERADOR,85392.34538461539
876,2023_Q4_labor_16h,EOLICA,20250.6541025641
877,2023_Q4_labor_16h,HIDRAULICA,7167153.637307693
878,2023_Q4_labor_16h,SOLAR,342547.0498717949
879,2023_Q4_labor_16h,TERMICA,3053357.2876923075
880,2023_Q4_labor_17h,COGENERADOR,86011.30423076922
881,2023_Q4_labor_17h,EOLICA,20561.118717948717
882,2023_Q4_labor_17h,HIDRAULICA,7176072.412948718
883,2023_Q4_labor_17h,SOLAR,173632.94858974358
884,2023_Q4_labor_17h,TERMICA,3065039.483846154
885,2023_Q4_labor_18h,COGENERADOR,87817.99910256409
886,2023_Q4_labor_18h,EOLICA,20966.14128205128
887,2023_Q4_labor_18h,HIDRAULICA,7193207.206794872
888,2023_Q4_labor_18h,SOLAR,18844.579999999998
889,2023_Q4_labor_18h,TERMICA,3083533.479102564
890,2023_Q4_labor_19h,COGENERADOR,87815.36153846154
891,2023_Q4_labor_19h,EOLICA,20015.93935897436
892,2023_Q4_labor_19h,HIDRAULICA,7706162.196794872
893,2023_Q4_labor_19h,SOLAR,4.502948717948718
894,2023_Q4_labor_19h,TERMICA,3105927.7757692304
895,2023_Q4_labor_1h,COGENERADOR,91701.45025641026
896,2023_Q4_labor_1h,EOLICA,11019.211666666666
897,2023_Q4_labor_1h,HIDRAULICA,5628301.896923076
898,2023_Q4_labor_1h,SOLAR,0.7689743589743591
899,2023_Q4_labor_1h,TERMICA,2762699.448846154
900,2023_Q4_labor_20h,COGENERADOR,88985.96064102564
901,2023_Q4_labor_20h,EOLICA,18559.894358974358
902,2023_Q4_labor_20h,HIDRAULICA,7690216.551794872
903,2023_Q4_labor_20h,SOLAR,0.9097435897435897
904,2023_Q4_labor_20h,TERMICA,3108025.7825641027
905,2023_Q4_labor_21h,COGENERADOR,89748.82256410256
906,2023_Q4_labor_21h,EOLICA,16966.965
907,2023_Q4_labor_21h,HIDRAULICA,7474969.011025641
908,2023_Q4_labor_21h,SOLAR,0.6012820512820514
909,2023_Q4_labor_21h,TERMICA,3089409.801538462
910,2023_Q4_labor_22h,COGENERADOR,90426.17602564103
911,2023_Q4_labor_22h,EOLICA,15100.982051282053
912,2023_Q4_labor_22h,HIDRAULICA,7108732.62474359
913,2023_Q4_labor_22h,SOLAR,0.6356410256410256
914,2023_Q4_labor_22h,TERMICA,3005530.7724358975
915,2023_Q4_labor_23h,COGENERADOR,89702.4823076923
916,2023_Q4_labor_23h,EOLICA,14017.30217948718
917,2023_Q4_labor_23h,HIDRAULICA,6642934.933717948
918,2023_Q4_labor_23h,SOLAR,0.6760256410256411
919,2023_Q4_labor_23h,TERMICA,2857071.3192307693
920,2023_Q4_labor_2h,COGENERADOR,92020.91230769231
921,2023_Q4_labor_2h,EOLICA,10159.110897435898
922,2023_Q4_labor_2h,HIDRAULICA,5453605.965
923,2023_Q4_labor_2h,SOLAR,0.5787179487179487
924,2023_Q4_labor_2h,TERMICA,2645910.9374358975
925,2023_Q4_labor_3h,COGENERADOR,91485.46833333334
926,2023_Q4_labor_3h,EOLICA,10070.741923076923
927,2023_Q4_labor_3h,HIDRAULICA,5321858.91025641
928,2023_Q4_labor_3h,SOLAR,0.5889743589743589
929,2023_Q4_labor_3h,TERMICA,2577498.1182051282
930,2023_Q4_labor_4h,COGENERADOR,90589.52269230768
931,2023_Q4_labor_4h,EOLICA,10057.27294871795
932,2023_Q4_labor_4h,HIDRAULICA,5240452.664102565
933,2023_Q4_labor_4h,SOLAR,0.5602564102564103
934,2023_Q4_labor_4h,TERMICA,2558033.8560256413
935,2023_Q4_labor_5h,COGENERADOR,91210.17307692308
936,2023_Q4_labor_5h,EOLICA,9653.785384615385
937,2023_Q4_labor_5h,HIDRAULICA,5344501.222051282
938,2023_Q4_labor_5h,SOLAR,0.5112820512820512
939,2023_Q4_labor_5h,TERMICA,2583572.9264102564
940,2023_Q4_labor_6h,COGENERADOR,92056.84717948719
941,2023_Q4_labor_6h,EOLICA,8797.637564102564
942,2023_Q4_labor_6h,HIDRAULICA,5604275.059615384
943,2023_Q4_labor_6h,SOLAR,568.2333333333333
944,2023_Q4_labor_6h,TERMICA,2621454.200641026
945,2023_Q4_labor_7h,COGENERADOR,91911.53282051282
946,2023_Q4_labor_7h,EOLICA,8421.595384615384
947,2023_Q4_labor_7h,HIDRAULICA,5683474.4270512825
948,2023_Q4_labor_7h,SOLAR,65139.035769230766
949,2023_Q4_labor_7h,TERMICA,2672054.251923077
950,2023_Q4_labor_8h,COGENERADOR,89967.72128205128
951,2023_Q4_labor_8h,EOLICA,9081.372307692309
952,2023_Q4_labor_8h,HIDRAULICA,5963581.906794872
953,2023_Q4_labor_8h,SOLAR,241472.03756410256
954,2023_Q4_labor_8h,TERMICA,2755908.946923077
955,2023_Q4_labor_9h,COGENERADOR,88663.08769230769
956,2023_Q4_labor_9h,EOLICA,9089.981666666668
957,2023_Q4_labor_9h,HIDRAULICA,6277273.854871795
958,2023_Q4_labor_9h,SOLAR,393211.1867948718
959,2023_Q4_labor_9h,TERMICA,2814408.154871795
